 EURUSD,2019,8,1,0,0,1.10491,1.10503,1.10429,1.10457,6709.3799,TRADESIM,H1,
EURUSD,2019,8,1,1,0,1.10456,1.10532,1.10437,1.10531,6158.1401,TRADESIM,H1,
EURUSD,2019,8,1,2,0,1.10531,1.10536,1.10467,1.10516,9067,TRADESIM,H1,
EURUSD,2019,8,1,3,0,1.10515,1.10527,1.10344,1.10414,15902.9004,TRADESIM,H1,
EURUSD,2019,8,1,4,0,1.10416,1.10477,1.10323,1.10326,19960.7695,TRADESIM,H1,
EURUSD,2019,8,1,5,0,1.10325,1.10480,1.10320,1.10471,15007.3701,TRADESIM,H1,
EURUSD,2019,8,1,6,0,1.10470,1.10502,1.10379,1.10391,17975.7207,TRADESIM,H1,
EURUSD,2019,8,1,7,0,1.10391,1.10416,1.10305,1.10334,29945.6602,TRADESIM,H1,
EURUSD,2019,8,1,8,0,1.10336,1.10417,1.10268,1.10341,22838.2207,TRADESIM,H1,
EURUSD,2019,8,1,9,0,1.10342,1.10412,1.10269,1.10297,27318.3906,TRADESIM,H1,
EURUSD,2019,8,1,10,0,1.10296,1.10465,1.10270,1.10433,29179.8301,TRADESIM,H1,
EURUSD,2019,8,1,11,0,1.10432,1.10622,1.10432,1.10578,39393.7109,TRADESIM,H1,
EURUSD,2019,8,1,12,0,1.10578,1.10697,1.10561,1.10606,25377.6191,TRADESIM,H1,
EURUSD,2019,8,1,13,0,1.10606,1.10697,1.10582,1.10682,16219.7598,TRADESIM,H1,
EURUSD,2019,8,1,14,0,1.10682,1.10958,1.10641,1.10827,40881.5508,TRADESIM,H1,
EURUSD,2019,8,1,15,0,1.10826,1.10886,1.10755,1.10850,42014.6602,TRADESIM,H1,
EURUSD,2019,8,1,16,0,1.10850,1.10942,1.10794,1.10927,30565.8301,TRADESIM,H1,
EURUSD,2019,8,1,17,0,1.10926,1.10936,1.10832,1.10847,9580.6396,TRADESIM,H1,
EURUSD,2019,8,1,18,0,1.10849,1.10851,1.10796,1.10827,4604.6201,TRADESIM,H1,
EURUSD,2019,8,1,19,0,1.10827,1.10845,1.10742,1.10783,4726.3999,TRADESIM,H1,
EURUSD,2019,8,1,20,0,1.10783,1.10829,1.10778,1.10788,6831.1899,TRADESIM,H1,
EURUSD,2019,8,1,21,0,1.10789,1.10966,1.10783,1.10888,20355.2598,TRADESIM,H1,
EURUSD,2019,8,1,22,0,1.10890,1.10919,1.10855,1.10888,22743.3691,TRADESIM,H1,
EURUSD,2019,8,1,23,0,1.10888,1.10946,1.10696,1.10750,20167.5605,TRADESIM,H1,
EURUSD,2019,8,2,0,0,1.10750,1.10771,1.10706,1.10738,10594.3604,TRADESIM,H1,
EURUSD,2019,8,2,1,0,1.10738,1.10841,1.10733,1.10823,10435.5,TRADESIM,H1,
EURUSD,2019,8,2,2,0,1.10823,1.10841,1.10772,1.10796,10551.2695,TRADESIM,H1,
EURUSD,2019,8,2,3,0,1.10795,1.10898,1.10791,1.10865,19985.4707,TRADESIM,H1,
EURUSD,2019,8,2,4,0,1.10865,1.11150,1.10818,1.11134,33970.8398,TRADESIM,H1,
EURUSD,2019,8,2,5,0,1.11133,1.11134,1.10948,1.10960,26245.3398,TRADESIM,H1,
EURUSD,2019,8,2,6,0,1.10961,1.11029,1.10953,1.10973,23376.8594,TRADESIM,H1,
EURUSD,2019,8,2,7,0,1.10974,1.10978,1.10880,1.10955,19002.9102,TRADESIM,H1,
EURUSD,2019,8,2,8,0,1.10955,1.11067,1.10955,1.11034,19713.8809,TRADESIM,H1,
EURUSD,2019,8,2,9,0,1.11034,1.11069,1.10781,1.10849,39700.1016,TRADESIM,H1,
EURUSD,2019,8,2,10,0,1.10851,1.11040,1.10813,1.11005,43078.7109,TRADESIM,H1,
EURUSD,2019,8,2,11,0,1.11004,1.11075,1.10957,1.11025,41889.1016,TRADESIM,H1,
EURUSD,2019,8,2,12,0,1.11025,1.11147,1.10979,1.11125,29553.4609,TRADESIM,H1,
EURUSD,2019,8,2,13,0,1.11125,1.11157,1.11052,1.11141,18748.9492,TRADESIM,H1,
EURUSD,2019,8,2,14,0,1.11142,1.11164,1.11040,1.11064,17223.1406,TRADESIM,H1,
EURUSD,2019,8,2,15,0,1.11064,1.11133,1.11055,1.11108,17017.7598,TRADESIM,H1,
EURUSD,2019,8,2,16,0,1.11107,1.11115,1.11072,1.11097,16423.4395,TRADESIM,H1,
EURUSD,2019,8,2,17,0,1.11097,1.11097,1.11037,1.11057,3327.6899,TRADESIM,H1,
EURUSD,2019,8,2,18,0,1.11057,1.11057,1.11057,1.11057,0,TRADESIM,H1,
EURUSD,2019,8,2,19,0,1.11057,1.11057,1.11057,1.11057,0,TRADESIM,H1,
EURUSD,2019,8,2,20,0,1.11057,1.11057,1.11057,1.11057,0,TRADESIM,H1,
EURUSD,2019,8,2,21,0,1.11057,1.11057,1.11057,1.11057,0,TRADESIM,H1,
EURUSD,2019,8,2,22,0,1.11057,1.11057,1.11057,1.11057,0,TRADESIM,H1,
EURUSD,2019,8,2,23,0,1.11057,1.11057,1.11057,1.11057,0,TRADESIM,H1,
EURUSD,2019,8,3,0,0,1.11057,1.11057,1.11057,1.11057,0,TRADESIM,H1,
EURUSD,2019,8,3,1,0,1.11057,1.11057,1.11057,1.11057,0,TRADESIM,H1,
EURUSD,2019,8,3,2,0,1.11057,1.11057,1.11057,1.11057,0,TRADESIM,H1,
EURUSD,2019,8,3,3,0,1.11057,1.11057,1.11057,1.11057,0,TRADESIM,H1,
EURUSD,2019,8,3,4,0,1.11057,1.11057,1.11057,1.11057,0,TRADESIM,H1,
EURUSD,2019,8,3,5,0,1.11057,1.11057,1.11057,1.11057,0,TRADESIM,H1,
EURUSD,2019,8,3,6,0,1.11057,1.11057,1.11057,1.11057,0,TRADESIM,H1,
EURUSD,2019,8,3,7,0,1.11057,1.11057,1.11057,1.11057,0,TRADESIM,H1,
EURUSD,2019,8,3,8,0,1.11057,1.11057,1.11057,1.11057,0,TRADESIM,H1,
EURUSD,2019,8,3,9,0,1.11057,1.11057,1.11057,1.11057,0,TRADESIM,H1,
EURUSD,2019,8,3,10,0,1.11057,1.11057,1.11057,1.11057,0,TRADESIM,H1,
EURUSD,2019,8,3,11,0,1.11057,1.11057,1.11057,1.11057,0,TRADESIM,H1,
EURUSD,2019,8,3,12,0,1.11057,1.11057,1.11057,1.11057,0,TRADESIM,H1,
EURUSD,2019,8,3,13,0,1.11057,1.11057,1.11057,1.11057,0,TRADESIM,H1,
EURUSD,2019,8,3,14,0,1.11057,1.11057,1.11057,1.11057,0,TRADESIM,H1,
EURUSD,2019,8,3,15,0,1.11057,1.11057,1.11057,1.11057,0,TRADESIM,H1,
EURUSD,2019,8,3,16,0,1.11057,1.11057,1.11057,1.11057,0,TRADESIM,H1,
EURUSD,2019,8,3,17,0,1.11057,1.11057,1.11057,1.11057,0,TRADESIM,H1,
EURUSD,2019,8,3,18,0,1.11057,1.11057,1.11057,1.11057,0,TRADESIM,H1,
EURUSD,2019,8,3,19,0,1.11057,1.11057,1.11057,1.11057,0,TRADESIM,H1,
EURUSD,2019,8,3,20,0,1.11057,1.11057,1.11057,1.11057,0,TRADESIM,H1,
EURUSD,2019,8,3,21,0,1.11057,1.11057,1.11057,1.11057,0,TRADESIM,H1,
EURUSD,2019,8,3,22,0,1.11057,1.11057,1.11057,1.11057,0,TRADESIM,H1,
EURUSD,2019,8,3,23,0,1.11057,1.11057,1.11057,1.11057,0,TRADESIM,H1,
EURUSD,2019,8,4,0,0,1.11057,1.11057,1.11057,1.11057,0,TRADESIM,H1,
EURUSD,2019,8,4,1,0,1.11057,1.11057,1.11057,1.11057,0,TRADESIM,H1,
EURUSD,2019,8,4,2,0,1.11057,1.11057,1.11057,1.11057,0,TRADESIM,H1,
EURUSD,2019,8,4,3,0,1.11057,1.11057,1.11057,1.11057,0,TRADESIM,H1,
EURUSD,2019,8,4,4,0,1.11057,1.11057,1.11057,1.11057,0,TRADESIM,H1,
EURUSD,2019,8,4,5,0,1.11057,1.11057,1.11057,1.11057,0,TRADESIM,H1,
EURUSD,2019,8,4,6,0,1.11057,1.11057,1.11057,1.11057,0,TRADESIM,H1,
EURUSD,2019,8,4,7,0,1.11057,1.11057,1.11057,1.11057,0,TRADESIM,H1,
EURUSD,2019,8,4,8,0,1.11057,1.11057,1.11057,1.11057,0,TRADESIM,H1,
EURUSD,2019,8,4,9,0,1.11057,1.11057,1.11057,1.11057,0,TRADESIM,H1,
EURUSD,2019,8,4,10,0,1.11057,1.11057,1.11057,1.11057,0,TRADESIM,H1,
EURUSD,2019,8,4,11,0,1.11057,1.11057,1.11057,1.11057,0,TRADESIM,H1,
EURUSD,2019,8,4,12,0,1.11057,1.11057,1.11057,1.11057,0,TRADESIM,H1,
EURUSD,2019,8,4,13,0,1.11057,1.11057,1.11057,1.11057,0,TRADESIM,H1,
EURUSD,2019,8,4,14,0,1.11057,1.11057,1.11057,1.11057,0,TRADESIM,H1,
EURUSD,2019,8,4,15,0,1.11057,1.11057,1.11057,1.11057,0,TRADESIM,H1,
EURUSD,2019,8,4,16,0,1.11057,1.11057,1.11057,1.11057,0,TRADESIM,H1,
EURUSD,2019,8,4,17,0,1.11057,1.11057,1.11057,1.11057,0,TRADESIM,H1,
EURUSD,2019,8,4,18,0,1.11042,1.11138,1.11033,1.11074,3767.23,TRADESIM,H1,
EURUSD,2019,8,4,19,0,1.11083,1.11100,1.11044,1.11057,4222.52,TRADESIM,H1,
EURUSD,2019,8,4,20,0,1.11057,1.11091,1.11054,1.11075,4846.8398,TRADESIM,H1,
EURUSD,2019,8,4,21,0,1.11079,1.11326,1.11064,1.11257,14492.6904,TRADESIM,H1,
EURUSD,2019,8,4,22,0,1.11258,1.11302,1.11190,1.11219,25287.5898,TRADESIM,H1,
EURUSD,2019,8,4,23,0,1.11219,1.11238,1.11120,1.11224,21866,TRADESIM,H1,
EURUSD,2019,8,5,0,0,1.11223,1.11310,1.11223,1.11255,12796.6602,TRADESIM,H1,
EURUSD,2019,8,5,1,0,1.11255,1.11319,1.11232,1.11277,7824.8599,TRADESIM,H1,
EURUSD,2019,8,5,2,0,1.11276,1.11310,1.11235,1.11255,12303.9697,TRADESIM,H1,
EURUSD,2019,8,5,3,0,1.11254,1.11310,1.11169,1.11213,22334.6309,TRADESIM,H1,
EURUSD,2019,8,5,4,0,1.11213,1.11353,1.11140,1.11301,31765.6895,TRADESIM,H1,
EURUSD,2019,8,5,5,0,1.11301,1.11475,1.11294,1.11466,26444.1309,TRADESIM,H1,
EURUSD,2019,8,5,6,0,1.11466,1.11544,1.11416,1.11488,28553.6406,TRADESIM,H1,
EURUSD,2019,8,5,7,0,1.11487,1.11704,1.11480,1.11704,21006.3496,TRADESIM,H1,
EURUSD,2019,8,5,8,0,1.11706,1.11807,1.11667,1.11795,26638.6309,TRADESIM,H1,
EURUSD,2019,8,5,9,0,1.11796,1.11842,1.11716,1.11769,25338.5605,TRADESIM,H1,
EURUSD,2019,8,5,10,0,1.11769,1.11845,1.11700,1.11783,27713.8594,TRADESIM,H1,
EURUSD,2019,8,5,11,0,1.11779,1.12001,1.11779,1.11851,34626.3008,TRADESIM,H1,
EURUSD,2019,8,5,12,0,1.11851,1.11975,1.11794,1.11967,28231.3008,TRADESIM,H1,
EURUSD,2019,8,5,13,0,1.11966,1.12130,1.11934,1.12108,24338.9199,TRADESIM,H1,
EURUSD,2019,8,5,14,0,1.12109,1.12118,1.12040,1.12042,18696.7207,TRADESIM,H1,
EURUSD,2019,8,5,15,0,1.12041,1.12072,1.11993,1.12027,17981.9609,TRADESIM,H1,
EURUSD,2019,8,5,16,0,1.12029,1.12063,1.11936,1.11967,19805.4805,TRADESIM,H1,
EURUSD,2019,8,5,17,0,1.11967,1.12039,1.11942,1.12033,4072.5,TRADESIM,H1,
EURUSD,2019,8,5,18,0,1.12034,1.12144,1.11993,1.12136,2504.1399,TRADESIM,H1,
EURUSD,2019,8,5,19,0,1.12135,1.12261,1.12132,1.12246,8380.0498,TRADESIM,H1,
EURUSD,2019,8,5,20,0,1.12246,1.12453,1.12217,1.12418,13039.3496,TRADESIM,H1,
EURUSD,2019,8,5,21,0,1.12418,1.12497,1.12396,1.12428,17780.4004,TRADESIM,H1,
EURUSD,2019,8,5,22,0,1.12427,1.12427,1.12235,1.12258,24639.9297,TRADESIM,H1,
EURUSD,2019,8,5,23,0,1.12257,1.12316,1.12250,1.12278,12123.9297,TRADESIM,H1,
EURUSD,2019,8,6,0,0,1.12277,1.12288,1.12096,1.12122,11926.3096,TRADESIM,H1,
EURUSD,2019,8,6,1,0,1.12123,1.12123,1.11901,1.12025,20569.0508,TRADESIM,H1,
EURUSD,2019,8,6,2,0,1.12025,1.12072,1.11965,1.11972,13339.4404,TRADESIM,H1,
EURUSD,2019,8,6,3,0,1.11971,1.12119,1.11968,1.12038,25056.6602,TRADESIM,H1,
EURUSD,2019,8,6,4,0,1.12039,1.12186,1.11970,1.12140,31499,TRADESIM,H1,
EURUSD,2019,8,6,5,0,1.12140,1.12143,1.11977,1.11989,26258.7598,TRADESIM,H1,
EURUSD,2019,8,6,6,0,1.11988,1.12052,1.11947,1.12013,16666.5703,TRADESIM,H1,
EURUSD,2019,8,6,7,0,1.12016,1.12024,1.11928,1.12023,15723.7402,TRADESIM,H1,
EURUSD,2019,8,6,8,0,1.12023,1.12026,1.11824,1.11845,17917.2695,TRADESIM,H1,
EURUSD,2019,8,6,9,0,1.11845,1.11878,1.11774,1.11796,23456.2695,TRADESIM,H1,
EURUSD,2019,8,6,10,0,1.11796,1.11837,1.11675,1.11734,28429.7305,TRADESIM,H1,
EURUSD,2019,8,6,11,0,1.11731,1.11875,1.11714,1.11821,27924.0801,TRADESIM,H1,
EURUSD,2019,8,6,12,0,1.11823,1.12057,1.11823,1.11964,25372.5898,TRADESIM,H1,
EURUSD,2019,8,6,13,0,1.11962,1.12054,1.11933,1.11975,16259.3896,TRADESIM,H1,
EURUSD,2019,8,6,14,0,1.11975,1.12048,1.11943,1.11944,14653.2197,TRADESIM,H1,
EURUSD,2019,8,6,15,0,1.11944,1.12010,1.11907,1.12003,16927.2793,TRADESIM,H1,
EURUSD,2019,8,6,16,0,1.12004,1.12009,1.11929,1.11977,18437.8496,TRADESIM,H1,
EURUSD,2019,8,6,17,0,1.11976,1.12065,1.11973,1.11980,4569.9302,TRADESIM,H1,
EURUSD,2019,8,6,18,0,1.11980,1.12041,1.11948,1.12016,2191.8701,TRADESIM,H1,
EURUSD,2019,8,6,19,0,1.12014,1.12046,1.12008,1.12013,2544.21,TRADESIM,H1,
EURUSD,2019,8,6,20,0,1.12013,1.12058,1.12007,1.12054,3650.2,TRADESIM,H1,
EURUSD,2019,8,6,21,0,1.12053,1.12174,1.12041,1.12089,12508.1104,TRADESIM,H1,
EURUSD,2019,8,6,22,0,1.12088,1.12195,1.12054,1.12133,16802.7109,TRADESIM,H1,
EURUSD,2019,8,6,23,0,1.12135,1.12144,1.12056,1.12095,16975.4102,TRADESIM,H1,
EURUSD,2019,8,7,0,0,1.12096,1.12170,1.12059,1.12142,13232.7598,TRADESIM,H1,
EURUSD,2019,8,7,1,0,1.12142,1.12154,1.12106,1.12110,7960.8799,TRADESIM,H1,
EURUSD,2019,8,7,2,0,1.12112,1.12121,1.12036,1.12064,10123.5303,TRADESIM,H1,
EURUSD,2019,8,7,3,0,1.12065,1.12074,1.11953,1.11986,15396.8701,TRADESIM,H1,
EURUSD,2019,8,7,4,0,1.11986,1.12030,1.11887,1.11893,23188.8691,TRADESIM,H1,
EURUSD,2019,8,7,5,0,1.11893,1.11949,1.11869,1.11908,17773.6895,TRADESIM,H1,
EURUSD,2019,8,7,6,0,1.11906,1.11906,1.11815,1.11851,20713.0605,TRADESIM,H1,
EURUSD,2019,8,7,7,0,1.11852,1.11881,1.11791,1.11843,14333,TRADESIM,H1,
EURUSD,2019,8,7,8,0,1.11844,1.11998,1.11838,1.11981,18942.5195,TRADESIM,H1,
EURUSD,2019,8,7,9,0,1.11981,1.12086,1.11908,1.12069,32025.75,TRADESIM,H1,
EURUSD,2019,8,7,10,0,1.12073,1.12407,1.12034,1.12343,38034.6211,TRADESIM,H1,
EURUSD,2019,8,7,11,0,1.12343,1.12403,1.12068,1.12158,42249.4219,TRADESIM,H1,
EURUSD,2019,8,7,12,0,1.12157,1.12368,1.12130,1.12352,29941.3496,TRADESIM,H1,
EURUSD,2019,8,7,13,0,1.12352,1.12417,1.12260,1.12271,26377.8691,TRADESIM,H1,
EURUSD,2019,8,7,14,0,1.12272,1.12310,1.12102,1.12165,28964.5898,TRADESIM,H1,
EURUSD,2019,8,7,15,0,1.12164,1.12225,1.12094,1.12144,24263.3496,TRADESIM,H1,
EURUSD,2019,8,7,16,0,1.12144,1.12172,1.12026,1.12035,20389.5605,TRADESIM,H1,
EURUSD,2019,8,7,17,0,1.12033,1.12067,1.11980,1.11980,5119.8799,TRADESIM,H1,
EURUSD,2019,8,7,18,0,1.11974,1.12043,1.11962,1.12011,8362.1904,TRADESIM,H1,
EURUSD,2019,8,7,19,0,1.12012,1.12064,1.12006,1.12047,3093.0701,TRADESIM,H1,
EURUSD,2019,8,7,20,0,1.12049,1.12067,1.12012,1.12039,4569.6099,TRADESIM,H1,
EURUSD,2019,8,7,21,0,1.12038,1.12137,1.12032,1.12101,10733.4805,TRADESIM,H1,
EURUSD,2019,8,7,22,0,1.12101,1.12122,1.12006,1.12072,17884.9004,TRADESIM,H1,
EURUSD,2019,8,7,23,0,1.12071,1.12124,1.12071,1.12099,9681.9004,TRADESIM,H1,
EURUSD,2019,8,8,0,0,1.12099,1.12114,1.12080,1.12103,7876.3501,TRADESIM,H1,
EURUSD,2019,8,8,1,0,1.12102,1.12115,1.12085,1.12095,5375.8101,TRADESIM,H1,
EURUSD,2019,8,8,2,0,1.12096,1.12129,1.12081,1.12120,7227.0098,TRADESIM,H1,
EURUSD,2019,8,8,3,0,1.12120,1.12155,1.12003,1.12063,16379.0195,TRADESIM,H1,
EURUSD,2019,8,8,4,0,1.12065,1.12197,1.12022,1.12173,17301.2305,TRADESIM,H1,
EURUSD,2019,8,8,5,0,1.12170,1.12276,1.12139,1.12145,15888.0996,TRADESIM,H1,
EURUSD,2019,8,8,6,0,1.12146,1.12204,1.12103,1.12116,14989.5703,TRADESIM,H1,
EURUSD,2019,8,8,7,0,1.12115,1.12117,1.12003,1.12004,11872.5195,TRADESIM,H1,
EURUSD,2019,8,8,8,0,1.12004,1.12042,1.11858,1.11880,17180.3203,TRADESIM,H1,
EURUSD,2019,8,8,9,0,1.11879,1.12048,1.11811,1.12042,20778.6309,TRADESIM,H1,
EURUSD,2019,8,8,10,0,1.12046,1.12242,1.11871,1.11966,39395.8984,TRADESIM,H1,
EURUSD,2019,8,8,11,0,1.11968,1.12323,1.11930,1.11999,28200.5098,TRADESIM,H1,
EURUSD,2019,8,8,12,0,1.11999,1.12199,1.11997,1.12067,21053.2598,TRADESIM,H1,
EURUSD,2019,8,8,13,0,1.12066,1.12162,1.12038,1.12049,14815.9805,TRADESIM,H1,
EURUSD,2019,8,8,14,0,1.12050,1.12104,1.11985,1.12002,18197.5898,TRADESIM,H1,
EURUSD,2019,8,8,15,0,1.12001,1.12047,1.11823,1.11856,21548.6895,TRADESIM,H1,
EURUSD,2019,8,8,16,0,1.11854,1.11933,1.11848,1.11869,11648.54,TRADESIM,H1,
EURUSD,2019,8,8,17,0,1.11869,1.11873,1.11769,1.11802,3945.8401,TRADESIM,H1,
EURUSD,2019,8,8,18,0,1.11801,1.11939,1.11780,1.11933,1874.78,TRADESIM,H1,
EURUSD,2019,8,8,19,0,1.11933,1.11934,1.11853,1.11853,3494.46,TRADESIM,H1,
EURUSD,2019,8,8,20,0,1.11854,1.11893,1.11853,1.11861,3569.5601,TRADESIM,H1,
EURUSD,2019,8,8,21,0,1.11861,1.11945,1.11849,1.11927,7398.21,TRADESIM,H1,
EURUSD,2019,8,8,22,0,1.11928,1.11971,1.11895,1.11942,11045.9697,TRADESIM,H1,
EURUSD,2019,8,8,23,0,1.11942,1.11970,1.11929,1.11962,5442.6699,TRADESIM,H1,
EURUSD,2019,8,9,0,0,1.11961,1.11963,1.11939,1.11959,5823.9702,TRADESIM,H1,
EURUSD,2019,8,9,1,0,1.11959,1.11964,1.11929,1.11947,3522.0801,TRADESIM,H1,
EURUSD,2019,8,9,2,0,1.11947,1.11977,1.11947,1.11962,5125.75,TRADESIM,H1,
EURUSD,2019,8,9,3,0,1.11962,1.11974,1.11847,1.11866,12131.9102,TRADESIM,H1,
EURUSD,2019,8,9,4,0,1.11867,1.11977,1.11839,1.11875,14857.04,TRADESIM,H1,
EURUSD,2019,8,9,5,0,1.11874,1.11981,1.11833,1.11940,15865.5596,TRADESIM,H1,
EURUSD,2019,8,9,6,0,1.11940,1.12067,1.11933,1.12038,13839.6396,TRADESIM,H1,
EURUSD,2019,8,9,7,0,1.12038,1.12079,1.11956,1.12053,12537.9004,TRADESIM,H1,
EURUSD,2019,8,9,8,0,1.12053,1.12058,1.11952,1.12032,14756.4502,TRADESIM,H1,
EURUSD,2019,8,9,9,0,1.12033,1.12046,1.11951,1.12016,18676.1504,TRADESIM,H1,
EURUSD,2019,8,9,10,0,1.12017,1.12035,1.11914,1.11929,20812.2695,TRADESIM,H1,
EURUSD,2019,8,9,11,0,1.11929,1.12038,1.11881,1.12009,30279.0293,TRADESIM,H1,
EURUSD,2019,8,9,12,0,1.12011,1.12217,1.11995,1.12214,24463.9805,TRADESIM,H1,
EURUSD,2019,8,9,13,0,1.12211,1.12229,1.12042,1.12111,22384.0293,TRADESIM,H1,
EURUSD,2019,8,9,14,0,1.12111,1.12124,1.12032,1.12039,17690.8301,TRADESIM,H1,
EURUSD,2019,8,9,15,0,1.12039,1.12076,1.12033,1.12068,9983.0703,TRADESIM,H1,
EURUSD,2019,8,9,16,0,1.12069,1.12072,1.12026,1.12026,13628.04,TRADESIM,H1,
EURUSD,2019,8,9,17,0,1.12025,1.12031,1.11969,1.11969,4692.2402,TRADESIM,H1,
EURUSD,2019,8,9,18,0,1.11969,1.11969,1.11969,1.11969,0,TRADESIM,H1,
EURUSD,2019,8,9,19,0,1.11969,1.11969,1.11969,1.11969,0,TRADESIM,H1,
EURUSD,2019,8,9,20,0,1.11969,1.11969,1.11969,1.11969,0,TRADESIM,H1,
EURUSD,2019,8,9,21,0,1.11969,1.11969,1.11969,1.11969,0,TRADESIM,H1,
EURUSD,2019,8,9,22,0,1.11969,1.11969,1.11969,1.11969,0,TRADESIM,H1,
EURUSD,2019,8,9,23,0,1.11969,1.11969,1.11969,1.11969,0,TRADESIM,H1,
EURUSD,2019,8,10,0,0,1.11969,1.11969,1.11969,1.11969,0,TRADESIM,H1,
EURUSD,2019,8,10,1,0,1.11969,1.11969,1.11969,1.11969,0,TRADESIM,H1,
EURUSD,2019,8,10,2,0,1.11969,1.11969,1.11969,1.11969,0,TRADESIM,H1,
EURUSD,2019,8,10,3,0,1.11969,1.11969,1.11969,1.11969,0,TRADESIM,H1,
EURUSD,2019,8,10,4,0,1.11969,1.11969,1.11969,1.11969,0,TRADESIM,H1,
EURUSD,2019,8,10,5,0,1.11969,1.11969,1.11969,1.11969,0,TRADESIM,H1,
EURUSD,2019,8,10,6,0,1.11969,1.11969,1.11969,1.11969,0,TRADESIM,H1,
EURUSD,2019,8,10,7,0,1.11969,1.11969,1.11969,1.11969,0,TRADESIM,H1,
EURUSD,2019,8,10,8,0,1.11969,1.11969,1.11969,1.11969,0,TRADESIM,H1,
EURUSD,2019,8,10,9,0,1.11969,1.11969,1.11969,1.11969,0,TRADESIM,H1,
EURUSD,2019,8,10,10,0,1.11969,1.11969,1.11969,1.11969,0,TRADESIM,H1,
EURUSD,2019,8,10,11,0,1.11969,1.11969,1.11969,1.11969,0,TRADESIM,H1,
EURUSD,2019,8,10,12,0,1.11969,1.11969,1.11969,1.11969,0,TRADESIM,H1,
EURUSD,2019,8,10,13,0,1.11969,1.11969,1.11969,1.11969,0,TRADESIM,H1,
EURUSD,2019,8,10,14,0,1.11969,1.11969,1.11969,1.11969,0,TRADESIM,H1,
EURUSD,2019,8,10,15,0,1.11969,1.11969,1.11969,1.11969,0,TRADESIM,H1,
EURUSD,2019,8,10,16,0,1.11969,1.11969,1.11969,1.11969,0,TRADESIM,H1,
EURUSD,2019,8,10,17,0,1.11969,1.11969,1.11969,1.11969,0,TRADESIM,H1,
EURUSD,2019,8,10,18,0,1.11969,1.11969,1.11969,1.11969,0,TRADESIM,H1,
EURUSD,2019,8,10,19,0,1.11969,1.11969,1.11969,1.11969,0,TRADESIM,H1,
EURUSD,2019,8,10,20,0,1.11969,1.11969,1.11969,1.11969,0,TRADESIM,H1,
EURUSD,2019,8,10,21,0,1.11969,1.11969,1.11969,1.11969,0,TRADESIM,H1,
EURUSD,2019,8,10,22,0,1.11969,1.11969,1.11969,1.11969,0,TRADESIM,H1,
EURUSD,2019,8,10,23,0,1.11969,1.11969,1.11969,1.11969,0,TRADESIM,H1,
EURUSD,2019,8,11,0,0,1.11969,1.11969,1.11969,1.11969,0,TRADESIM,H1,
EURUSD,2019,8,11,1,0,1.11969,1.11969,1.11969,1.11969,0,TRADESIM,H1,
EURUSD,2019,8,11,2,0,1.11969,1.11969,1.11969,1.11969,0,TRADESIM,H1,
EURUSD,2019,8,11,3,0,1.11969,1.11969,1.11969,1.11969,0,TRADESIM,H1,
EURUSD,2019,8,11,4,0,1.11969,1.11969,1.11969,1.11969,0,TRADESIM,H1,
EURUSD,2019,8,11,5,0,1.11969,1.11969,1.11969,1.11969,0,TRADESIM,H1,
EURUSD,2019,8,11,6,0,1.11969,1.11969,1.11969,1.11969,0,TRADESIM,H1,
EURUSD,2019,8,11,7,0,1.11969,1.11969,1.11969,1.11969,0,TRADESIM,H1,
EURUSD,2019,8,11,8,0,1.11969,1.11969,1.11969,1.11969,0,TRADESIM,H1,
EURUSD,2019,8,11,9,0,1.11969,1.11969,1.11969,1.11969,0,TRADESIM,H1,
EURUSD,2019,8,11,10,0,1.11969,1.11969,1.11969,1.11969,0,TRADESIM,H1,
EURUSD,2019,8,11,11,0,1.11969,1.11969,1.11969,1.11969,0,TRADESIM,H1,
EURUSD,2019,8,11,12,0,1.11969,1.11969,1.11969,1.11969,0,TRADESIM,H1,
EURUSD,2019,8,11,13,0,1.11969,1.11969,1.11969,1.11969,0,TRADESIM,H1,
EURUSD,2019,8,11,14,0,1.11969,1.11969,1.11969,1.11969,0,TRADESIM,H1,
EURUSD,2019,8,11,15,0,1.11969,1.11969,1.11969,1.11969,0,TRADESIM,H1,
EURUSD,2019,8,11,16,0,1.11969,1.11969,1.11969,1.11969,0,TRADESIM,H1,
EURUSD,2019,8,11,17,0,1.11969,1.11969,1.11969,1.11969,0,TRADESIM,H1,
EURUSD,2019,8,11,18,0,1.11978,1.12031,1.11967,1.12014,484.2,TRADESIM,H1,
EURUSD,2019,8,11,19,0,1.12014,1.12035,1.11970,1.12019,2354.7,TRADESIM,H1,
EURUSD,2019,8,11,20,0,1.12020,1.12080,1.12003,1.12073,4234.0601,TRADESIM,H1,
EURUSD,2019,8,11,21,0,1.12074,1.12078,1.12018,1.12050,7538.04,TRADESIM,H1,
EURUSD,2019,8,11,22,0,1.12052,1.12078,1.12031,1.12072,11696.2998,TRADESIM,H1,
EURUSD,2019,8,11,23,0,1.12073,1.12096,1.12064,1.12080,8030,TRADESIM,H1,
EURUSD,2019,8,12,0,0,1.12079,1.12083,1.12056,1.12059,7079.0098,TRADESIM,H1,
EURUSD,2019,8,12,1,0,1.12059,1.12097,1.12057,1.12091,5335.1699,TRADESIM,H1,
EURUSD,2019,8,12,2,0,1.12090,1.12111,1.12072,1.12108,7399.1299,TRADESIM,H1,
EURUSD,2019,8,12,3,0,1.12107,1.12107,1.12012,1.12012,13584.9004,TRADESIM,H1,
EURUSD,2019,8,12,4,0,1.12012,1.12017,1.11671,1.11676,26739.8809,TRADESIM,H1,
EURUSD,2019,8,12,5,0,1.11675,1.11777,1.11619,1.11757,27008.1992,TRADESIM,H1,
EURUSD,2019,8,12,6,0,1.11758,1.11862,1.11727,1.11849,20567.8203,TRADESIM,H1,
EURUSD,2019,8,12,7,0,1.11850,1.12000,1.11827,1.11972,19863.1992,TRADESIM,H1,
EURUSD,2019,8,12,8,0,1.11973,1.11982,1.11861,1.11887,19569,TRADESIM,H1,
EURUSD,2019,8,12,9,0,1.11887,1.12141,1.11870,1.12094,19708.2695,TRADESIM,H1,
EURUSD,2019,8,12,10,0,1.12096,1.12207,1.12078,1.12178,23014.0605,TRADESIM,H1,
EURUSD,2019,8,12,11,0,1.12178,1.12204,1.12121,1.12180,20977.5,TRADESIM,H1,
EURUSD,2019,8,12,12,0,1.12181,1.12306,1.12103,1.12106,20043.3906,TRADESIM,H1,
EURUSD,2019,8,12,13,0,1.12106,1.12149,1.12095,1.12121,13691.3203,TRADESIM,H1,
EURUSD,2019,8,12,14,0,1.12121,1.12161,1.12107,1.12138,9255.8096,TRADESIM,H1,
EURUSD,2019,8,12,15,0,1.12138,1.12234,1.12099,1.12202,12280.4297,TRADESIM,H1,
EURUSD,2019,8,12,16,0,1.12202,1.12202,1.12111,1.12126,12754.79,TRADESIM,H1,
EURUSD,2019,8,12,17,0,1.12126,1.12158,1.12116,1.12131,3793.6001,TRADESIM,H1,
EURUSD,2019,8,12,18,0,1.12129,1.12203,1.12123,1.12154,3491.8701,TRADESIM,H1,
EURUSD,2019,8,12,19,0,1.12153,1.12179,1.12136,1.12142,3053.8,TRADESIM,H1,
EURUSD,2019,8,12,20,0,1.12143,1.12164,1.12140,1.12162,2861.6499,TRADESIM,H1,
EURUSD,2019,8,12,21,0,1.12162,1.12166,1.12057,1.12059,9470.4404,TRADESIM,H1,
EURUSD,2019,8,12,22,0,1.12059,1.12098,1.12044,1.12090,12103.5898,TRADESIM,H1,
EURUSD,2019,8,12,23,0,1.12090,1.12093,1.11861,1.11910,11278.3398,TRADESIM,H1,
EURUSD,2019,8,13,0,0,1.11911,1.11946,1.11818,1.11885,11798.96,TRADESIM,H1,
EURUSD,2019,8,13,1,0,1.11885,1.11902,1.11861,1.11897,8038.2402,TRADESIM,H1,
EURUSD,2019,8,13,2,0,1.11897,1.11944,1.11882,1.11932,7666.1602,TRADESIM,H1,
EURUSD,2019,8,13,3,0,1.11932,1.11984,1.11877,1.11929,16198.1504,TRADESIM,H1,
EURUSD,2019,8,13,4,0,1.11930,1.11973,1.11855,1.11922,21708.5703,TRADESIM,H1,
EURUSD,2019,8,13,5,0,1.11922,1.11939,1.11858,1.11916,16529.9297,TRADESIM,H1,
EURUSD,2019,8,13,6,0,1.11915,1.12095,1.11840,1.12057,20358.1797,TRADESIM,H1,
EURUSD,2019,8,13,7,0,1.12057,1.12214,1.12034,1.12162,19163.3691,TRADESIM,H1,
EURUSD,2019,8,13,8,0,1.12162,1.12196,1.12122,1.12146,13626.6602,TRADESIM,H1,
EURUSD,2019,8,13,9,0,1.12146,1.12285,1.12054,1.12168,28067.0996,TRADESIM,H1,
EURUSD,2019,8,13,10,0,1.12167,1.12192,1.11701,1.11846,42404.0508,TRADESIM,H1,
EURUSD,2019,8,13,11,0,1.11844,1.11991,1.11750,1.11877,39211.5703,TRADESIM,H1,
EURUSD,2019,8,13,12,0,1.11880,1.11948,1.11804,1.11829,26618.5996,TRADESIM,H1,
EURUSD,2019,8,13,13,0,1.11828,1.11852,1.11714,1.11795,18210.6191,TRADESIM,H1,
EURUSD,2019,8,13,14,0,1.11795,1.11861,1.11735,1.11755,18037.5508,TRADESIM,H1,
EURUSD,2019,8,13,15,0,1.11755,1.11784,1.11721,1.11736,10894.8604,TRADESIM,H1,
EURUSD,2019,8,13,16,0,1.11736,1.11755,1.11719,1.11734,11455.5098,TRADESIM,H1,
EURUSD,2019,8,13,17,0,1.11733,1.11742,1.11708,1.11710,2775.05,TRADESIM,H1,
EURUSD,2019,8,13,18,0,1.11708,1.11749,1.11698,1.11722,4769.4199,TRADESIM,H1,
EURUSD,2019,8,13,19,0,1.11723,1.11747,1.11703,1.11747,2208.53,TRADESIM,H1,
EURUSD,2019,8,13,20,0,1.11746,1.11769,1.11725,1.11764,4456.0898,TRADESIM,H1,
EURUSD,2019,8,13,21,0,1.11764,1.11782,1.11729,1.11777,10028.1396,TRADESIM,H1,
EURUSD,2019,8,13,22,0,1.11778,1.11797,1.11716,1.11723,15134.2803,TRADESIM,H1,
EURUSD,2019,8,13,23,0,1.11721,1.11783,1.11712,1.11754,10902.5898,TRADESIM,H1,
EURUSD,2019,8,14,0,0,1.11753,1.11773,1.11696,1.11707,8935.6299,TRADESIM,H1,
EURUSD,2019,8,14,1,0,1.11706,1.11741,1.11690,1.11718,8825.0898,TRADESIM,H1,
EURUSD,2019,8,14,2,0,1.11719,1.11728,1.11651,1.11665,11090.79,TRADESIM,H1,
EURUSD,2019,8,14,3,0,1.11664,1.11786,1.11648,1.11775,16117.6797,TRADESIM,H1,
EURUSD,2019,8,14,4,0,1.11776,1.11847,1.11749,1.11800,26086.8301,TRADESIM,H1,
EURUSD,2019,8,14,5,0,1.11801,1.11852,1.11753,1.11764,15631.5898,TRADESIM,H1,
EURUSD,2019,8,14,6,0,1.11762,1.11845,1.11726,1.11786,14741.5703,TRADESIM,H1,
EURUSD,2019,8,14,7,0,1.11787,1.11893,1.11752,1.11797,17748.0703,TRADESIM,H1,
EURUSD,2019,8,14,8,0,1.11797,1.11859,1.11658,1.11836,28314.9707,TRADESIM,H1,
EURUSD,2019,8,14,9,0,1.11835,1.11908,1.11731,1.11774,29981.2793,TRADESIM,H1,
EURUSD,2019,8,14,10,0,1.11773,1.11801,1.11558,1.11571,24649.3008,TRADESIM,H1,
EURUSD,2019,8,14,11,0,1.11571,1.11591,1.11370,1.11487,23724.7207,TRADESIM,H1,
EURUSD,2019,8,14,12,0,1.11486,1.11520,1.11380,1.11434,18188.1992,TRADESIM,H1,
EURUSD,2019,8,14,13,0,1.11436,1.11448,1.11355,1.11442,13994.1904,TRADESIM,H1,
EURUSD,2019,8,14,14,0,1.11442,1.11461,1.11371,1.11413,12803.9004,TRADESIM,H1,
EURUSD,2019,8,14,15,0,1.11412,1.11443,1.11323,1.11385,11203.2695,TRADESIM,H1,
EURUSD,2019,8,14,16,0,1.11387,1.11418,1.11305,1.11334,15714,TRADESIM,H1,
EURUSD,2019,8,14,17,0,1.11334,1.11393,1.11321,1.11377,3234.45,TRADESIM,H1,
EURUSD,2019,8,14,18,0,1.11380,1.11426,1.11338,1.11410,4552.21,TRADESIM,H1,
EURUSD,2019,8,14,19,0,1.11410,1.11445,1.11405,1.11438,1512.41,TRADESIM,H1,
EURUSD,2019,8,14,20,0,1.11438,1.11452,1.11422,1.11428,2164.1599,TRADESIM,H1,
EURUSD,2019,8,14,21,0,1.11428,1.11453,1.11395,1.11419,6752.1299,TRADESIM,H1,
EURUSD,2019,8,14,22,0,1.11418,1.11470,1.11406,1.11428,10744.2305,TRADESIM,H1,
EURUSD,2019,8,14,23,0,1.11428,1.11441,1.11391,1.11415,6604.1699,TRADESIM,H1,
EURUSD,2019,8,15,0,0,1.11414,1.11480,1.11412,1.11476,5649.1001,TRADESIM,H1,
EURUSD,2019,8,15,1,0,1.11477,1.11517,1.11464,1.11509,5501.2402,TRADESIM,H1,
EURUSD,2019,8,15,2,0,1.11509,1.11517,1.11471,1.11484,6411.4902,TRADESIM,H1,
EURUSD,2019,8,15,3,0,1.11483,1.11531,1.11405,1.11484,16426.9199,TRADESIM,H1,
EURUSD,2019,8,15,4,0,1.11482,1.11517,1.11403,1.11479,20840.8301,TRADESIM,H1,
EURUSD,2019,8,15,5,0,1.11479,1.11536,1.11422,1.11482,14846.0596,TRADESIM,H1,
EURUSD,2019,8,15,6,0,1.11482,1.11509,1.11399,1.11506,23490.7891,TRADESIM,H1,
EURUSD,2019,8,15,7,0,1.11505,1.11579,1.11500,1.11538,18998.8301,TRADESIM,H1,
EURUSD,2019,8,15,8,0,1.11538,1.11583,1.11469,1.11508,109109.9609,TRADESIM,H1,
EURUSD,2019,8,15,9,0,1.11509,1.11544,1.11348,1.11419,32150.2695,TRADESIM,H1,
EURUSD,2019,8,15,10,0,1.11421,1.11447,1.11073,1.11123,30991.1699,TRADESIM,H1,
EURUSD,2019,8,15,11,0,1.11122,1.11172,1.10913,1.11073,29307.9492,TRADESIM,H1,
EURUSD,2019,8,15,12,0,1.11072,1.11121,1.10954,1.11029,15883.2803,TRADESIM,H1,
EURUSD,2019,8,15,13,0,1.11033,1.11068,1.10968,1.10994,9662.79,TRADESIM,H1,
EURUSD,2019,8,15,14,0,1.10992,1.11188,1.10961,1.11131,11258.3896,TRADESIM,H1,
EURUSD,2019,8,15,15,0,1.11131,1.11144,1.11005,1.11071,14195.2598,TRADESIM,H1,
EURUSD,2019,8,15,16,0,1.11070,1.11137,1.11029,1.11134,9422.21,TRADESIM,H1,
EURUSD,2019,8,15,17,0,1.11133,1.11142,1.11059,1.11065,1885.6899,TRADESIM,H1,
EURUSD,2019,8,15,18,0,1.11065,1.11101,1.11024,1.11051,12656.71,TRADESIM,H1,
EURUSD,2019,8,15,19,0,1.11057,1.11103,1.11054,1.11097,1615.6801,TRADESIM,H1,
EURUSD,2019,8,15,20,0,1.11101,1.11121,1.11090,1.11103,2186.1699,TRADESIM,H1,
EURUSD,2019,8,15,21,0,1.11105,1.11113,1.10995,1.11035,6315.5098,TRADESIM,H1,
EURUSD,2019,8,15,22,0,1.11035,1.11039,1.10966,1.10983,5861.7002,TRADESIM,H1,
EURUSD,2019,8,15,23,0,1.10983,1.10998,1.10955,1.10996,5026.52,TRADESIM,H1,
EURUSD,2019,8,16,0,0,1.10997,1.11028,1.10983,1.11023,4559.6699,TRADESIM,H1,
EURUSD,2019,8,16,1,0,1.11023,1.11042,1.10981,1.11034,4280.3901,TRADESIM,H1,
EURUSD,2019,8,16,2,0,1.11033,1.11049,1.11001,1.11044,6528.5098,TRADESIM,H1,
EURUSD,2019,8,16,3,0,1.11044,1.11063,1.11002,1.11032,10354.6797,TRADESIM,H1,
EURUSD,2019,8,16,4,0,1.11031,1.11057,1.10850,1.10855,18663.7402,TRADESIM,H1,
EURUSD,2019,8,16,5,0,1.10856,1.10869,1.10814,1.10842,14946.3301,TRADESIM,H1,
EURUSD,2019,8,16,6,0,1.10839,1.10865,1.10796,1.10840,16014.3799,TRADESIM,H1,
EURUSD,2019,8,16,7,0,1.10841,1.10855,1.10749,1.10771,13410.7002,TRADESIM,H1,
EURUSD,2019,8,16,8,0,1.10770,1.10859,1.10732,1.10806,16005.0996,TRADESIM,H1,
EURUSD,2019,8,16,9,0,1.10804,1.10816,1.10662,1.10739,17614.5098,TRADESIM,H1,
EURUSD,2019,8,16,10,0,1.10738,1.10781,1.10684,1.10752,18104.4297,TRADESIM,H1,
EURUSD,2019,8,16,11,0,1.10754,1.11068,1.10693,1.11052,27875.3496,TRADESIM,H1,
EURUSD,2019,8,16,12,0,1.11053,1.11053,1.10874,1.10897,16111.8799,TRADESIM,H1,
EURUSD,2019,8,16,13,0,1.10897,1.10960,1.10846,1.10932,10534.8896,TRADESIM,H1,
EURUSD,2019,8,16,14,0,1.10932,1.10984,1.10903,1.10972,8978.71,TRADESIM,H1,
EURUSD,2019,8,16,15,0,1.10973,1.11029,1.10944,1.10960,8270.1797,TRADESIM,H1,
EURUSD,2019,8,16,16,0,1.10962,1.10962,1.10901,1.10927,8008.9102,TRADESIM,H1,
EURUSD,2019,8,16,17,0,1.10927,1.10933,1.10889,1.10899,2454.5801,TRADESIM,H1,
EURUSD,2019,8,16,18,0,1.10899,1.10899,1.10899,1.10899,0,TRADESIM,H1,
EURUSD,2019,8,16,19,0,1.10899,1.10899,1.10899,1.10899,0,TRADESIM,H1,
EURUSD,2019,8,16,20,0,1.10899,1.10899,1.10899,1.10899,0,TRADESIM,H1,
EURUSD,2019,8,16,21,0,1.10899,1.10899,1.10899,1.10899,0,TRADESIM,H1,
EURUSD,2019,8,16,22,0,1.10899,1.10899,1.10899,1.10899,0,TRADESIM,H1,
EURUSD,2019,8,16,23,0,1.10899,1.10899,1.10899,1.10899,0,TRADESIM,H1,
EURUSD,2019,8,17,0,0,1.10899,1.10899,1.10899,1.10899,0,TRADESIM,H1,
EURUSD,2019,8,17,1,0,1.10899,1.10899,1.10899,1.10899,0,TRADESIM,H1,
EURUSD,2019,8,17,2,0,1.10899,1.10899,1.10899,1.10899,0,TRADESIM,H1,
EURUSD,2019,8,17,3,0,1.10899,1.10899,1.10899,1.10899,0,TRADESIM,H1,
EURUSD,2019,8,17,4,0,1.10899,1.10899,1.10899,1.10899,0,TRADESIM,H1,
EURUSD,2019,8,17,5,0,1.10899,1.10899,1.10899,1.10899,0,TRADESIM,H1,
EURUSD,2019,8,17,6,0,1.10899,1.10899,1.10899,1.10899,0,TRADESIM,H1,
EURUSD,2019,8,17,7,0,1.10899,1.10899,1.10899,1.10899,0,TRADESIM,H1,
EURUSD,2019,8,17,8,0,1.10899,1.10899,1.10899,1.10899,0,TRADESIM,H1,
EURUSD,2019,8,17,9,0,1.10899,1.10899,1.10899,1.10899,0,TRADESIM,H1,
EURUSD,2019,8,17,10,0,1.10899,1.10899,1.10899,1.10899,0,TRADESIM,H1,
EURUSD,2019,8,17,11,0,1.10899,1.10899,1.10899,1.10899,0,TRADESIM,H1,
EURUSD,2019,8,17,12,0,1.10899,1.10899,1.10899,1.10899,0,TRADESIM,H1,
EURUSD,2019,8,17,13,0,1.10899,1.10899,1.10899,1.10899,0,TRADESIM,H1,
EURUSD,2019,8,17,14,0,1.10899,1.10899,1.10899,1.10899,0,TRADESIM,H1,
EURUSD,2019,8,17,15,0,1.10899,1.10899,1.10899,1.10899,0,TRADESIM,H1,
EURUSD,2019,8,17,16,0,1.10899,1.10899,1.10899,1.10899,0,TRADESIM,H1,
EURUSD,2019,8,17,17,0,1.10899,1.10899,1.10899,1.10899,0,TRADESIM,H1,
EURUSD,2019,8,17,18,0,1.10899,1.10899,1.10899,1.10899,0,TRADESIM,H1,
EURUSD,2019,8,17,19,0,1.10899,1.10899,1.10899,1.10899,0,TRADESIM,H1,
EURUSD,2019,8,17,20,0,1.10899,1.10899,1.10899,1.10899,0,TRADESIM,H1,
EURUSD,2019,8,17,21,0,1.10899,1.10899,1.10899,1.10899,0,TRADESIM,H1,
EURUSD,2019,8,17,22,0,1.10899,1.10899,1.10899,1.10899,0,TRADESIM,H1,
EURUSD,2019,8,17,23,0,1.10899,1.10899,1.10899,1.10899,0,TRADESIM,H1,
EURUSD,2019,8,18,0,0,1.10899,1.10899,1.10899,1.10899,0,TRADESIM,H1,
EURUSD,2019,8,18,1,0,1.10899,1.10899,1.10899,1.10899,0,TRADESIM,H1,
EURUSD,2019,8,18,2,0,1.10899,1.10899,1.10899,1.10899,0,TRADESIM,H1,
EURUSD,2019,8,18,3,0,1.10899,1.10899,1.10899,1.10899,0,TRADESIM,H1,
EURUSD,2019,8,18,4,0,1.10899,1.10899,1.10899,1.10899,0,TRADESIM,H1,
EURUSD,2019,8,18,5,0,1.10899,1.10899,1.10899,1.10899,0,TRADESIM,H1,
EURUSD,2019,8,18,6,0,1.10899,1.10899,1.10899,1.10899,0,TRADESIM,H1,
EURUSD,2019,8,18,7,0,1.10899,1.10899,1.10899,1.10899,0,TRADESIM,H1,
EURUSD,2019,8,18,8,0,1.10899,1.10899,1.10899,1.10899,0,TRADESIM,H1,
EURUSD,2019,8,18,9,0,1.10899,1.10899,1.10899,1.10899,0,TRADESIM,H1,
EURUSD,2019,8,18,10,0,1.10899,1.10899,1.10899,1.10899,0,TRADESIM,H1,
EURUSD,2019,8,18,11,0,1.10899,1.10899,1.10899,1.10899,0,TRADESIM,H1,
EURUSD,2019,8,18,12,0,1.10899,1.10899,1.10899,1.10899,0,TRADESIM,H1,
EURUSD,2019,8,18,13,0,1.10899,1.10899,1.10899,1.10899,0,TRADESIM,H1,
EURUSD,2019,8,18,14,0,1.10899,1.10899,1.10899,1.10899,0,TRADESIM,H1,
EURUSD,2019,8,18,15,0,1.10899,1.10899,1.10899,1.10899,0,TRADESIM,H1,
EURUSD,2019,8,18,16,0,1.10899,1.10899,1.10899,1.10899,0,TRADESIM,H1,
EURUSD,2019,8,18,17,0,1.10899,1.10899,1.10899,1.10899,0,TRADESIM,H1,
EURUSD,2019,8,18,18,0,1.10925,1.10957,1.10907,1.10924,2003,TRADESIM,H1,
EURUSD,2019,8,18,19,0,1.10927,1.11010,1.10906,1.10950,2489.6299,TRADESIM,H1,
EURUSD,2019,8,18,20,0,1.10946,1.10953,1.10895,1.10919,2724.3999,TRADESIM,H1,
EURUSD,2019,8,18,21,0,1.10918,1.10925,1.10879,1.10908,5768.8799,TRADESIM,H1,
EURUSD,2019,8,18,22,0,1.10909,1.10938,1.10877,1.10920,5315.4702,TRADESIM,H1,
EURUSD,2019,8,18,23,0,1.10920,1.10933,1.10895,1.10930,4375.79,TRADESIM,H1,
EURUSD,2019,8,19,0,0,1.10928,1.10943,1.10901,1.10909,3610.3601,TRADESIM,H1,
EURUSD,2019,8,19,1,0,1.10909,1.10922,1.10894,1.10914,2182.1399,TRADESIM,H1,
EURUSD,2019,8,19,2,0,1.10914,1.10925,1.10876,1.10908,5052.96,TRADESIM,H1,
EURUSD,2019,8,19,3,0,1.10911,1.10955,1.10898,1.10944,8423.8398,TRADESIM,H1,
EURUSD,2019,8,19,4,0,1.10945,1.11073,1.10902,1.11039,17456.4102,TRADESIM,H1,
EURUSD,2019,8,19,5,0,1.11039,1.11100,1.11001,1.11022,16303.0703,TRADESIM,H1,
EURUSD,2019,8,19,6,0,1.11022,1.11070,1.10984,1.11007,14274.2998,TRADESIM,H1,
EURUSD,2019,8,19,7,0,1.11007,1.11137,1.10966,1.11067,13196.1104,TRADESIM,H1,
EURUSD,2019,8,19,8,0,1.11068,1.11090,1.10956,1.11027,15370.5,TRADESIM,H1,
EURUSD,2019,8,19,9,0,1.11027,1.11050,1.10974,1.10992,13045.8398,TRADESIM,H1,
EURUSD,2019,8,19,10,0,1.10993,1.11005,1.10943,1.10953,13304.7998,TRADESIM,H1,
EURUSD,2019,8,19,11,0,1.10954,1.11035,1.10935,1.10950,14458.1504,TRADESIM,H1,
EURUSD,2019,8,19,12,0,1.10950,1.10978,1.10930,1.10953,11486.6602,TRADESIM,H1,
EURUSD,2019,8,19,13,0,1.10953,1.10985,1.10927,1.10934,6705.8799,TRADESIM,H1,
EURUSD,2019,8,19,14,0,1.10935,1.10966,1.10893,1.10897,6122.9399,TRADESIM,H1,
EURUSD,2019,8,19,15,0,1.10897,1.10902,1.10815,1.10818,8370.2695,TRADESIM,H1,
EURUSD,2019,8,19,16,0,1.10818,1.10851,1.10760,1.10761,7010.2598,TRADESIM,H1,
EURUSD,2019,8,19,17,0,1.10762,1.10795,1.10762,1.10778,2004.37,TRADESIM,H1,
EURUSD,2019,8,19,18,0,1.10773,1.10808,1.10766,1.10796,1587.92,TRADESIM,H1,
EURUSD,2019,8,19,19,0,1.10794,1.10838,1.10784,1.10820,1385.41,TRADESIM,H1,
EURUSD,2019,8,19,20,0,1.10822,1.10829,1.10792,1.10814,1916.1899,TRADESIM,H1,
EURUSD,2019,8,19,21,0,1.10816,1.10878,1.10816,1.10847,6159.04,TRADESIM,H1,
EURUSD,2019,8,19,22,0,1.10846,1.10877,1.10837,1.10862,6381.0298,TRADESIM,H1,
EURUSD,2019,8,19,23,0,1.10861,1.10874,1.10853,1.10870,4651.8599,TRADESIM,H1,
EURUSD,2019,8,20,0,0,1.10870,1.10884,1.10854,1.10870,4143.8198,TRADESIM,H1,
EURUSD,2019,8,20,1,0,1.10869,1.10876,1.10853,1.10867,2613.73,TRADESIM,H1,
EURUSD,2019,8,20,2,0,1.10866,1.10872,1.10808,1.10843,5397.27,TRADESIM,H1,
EURUSD,2019,8,20,3,0,1.10842,1.10866,1.10758,1.10767,10949.5,TRADESIM,H1,
EURUSD,2019,8,20,4,0,1.10767,1.10800,1.10717,1.10719,15490.04,TRADESIM,H1,
EURUSD,2019,8,20,5,0,1.10719,1.10784,1.10711,1.10781,12359.5195,TRADESIM,H1,
EURUSD,2019,8,20,6,0,1.10780,1.10845,1.10762,1.10826,15333.7002,TRADESIM,H1,
EURUSD,2019,8,20,7,0,1.10825,1.10844,1.10784,1.10821,11032.0703,TRADESIM,H1,
EURUSD,2019,8,20,8,0,1.10821,1.10837,1.10756,1.10785,9982.4404,TRADESIM,H1,
EURUSD,2019,8,20,9,0,1.10785,1.10824,1.10744,1.10774,13128.2402,TRADESIM,H1,
EURUSD,2019,8,20,10,0,1.10777,1.10880,1.10655,1.10791,18113.8691,TRADESIM,H1,
EURUSD,2019,8,20,11,0,1.10794,1.10938,1.10759,1.10893,20854.4199,TRADESIM,H1,
EURUSD,2019,8,20,12,0,1.10892,1.10962,1.10876,1.10919,11990.4297,TRADESIM,H1,
EURUSD,2019,8,20,13,0,1.10919,1.10998,1.10896,1.10987,7279.8999,TRADESIM,H1,
EURUSD,2019,8,20,14,0,1.10987,1.11066,1.10963,1.11052,6580.3999,TRADESIM,H1,
EURUSD,2019,8,20,15,0,1.11054,1.11066,1.10962,1.10970,4548.6802,TRADESIM,H1,
EURUSD,2019,8,20,16,0,1.10969,1.11043,1.10967,1.11014,5884.4199,TRADESIM,H1,
EURUSD,2019,8,20,17,0,1.11016,1.11019,1.10970,1.10998,1669.75,TRADESIM,H1,
EURUSD,2019,8,20,18,0,1.10981,1.11032,1.10954,1.10977,4686.1099,TRADESIM,H1,
EURUSD,2019,8,20,19,0,1.10977,1.11019,1.10949,1.10989,1407.25,TRADESIM,H1,
EURUSD,2019,8,20,20,0,1.10989,1.10993,1.10969,1.10972,2277.8,TRADESIM,H1,
EURUSD,2019,8,20,21,0,1.10970,1.10985,1.10915,1.10923,4807.8301,TRADESIM,H1,
EURUSD,2019,8,20,22,0,1.10925,1.10976,1.10911,1.10976,5428.3999,TRADESIM,H1,
EURUSD,2019,8,20,23,0,1.10975,1.11051,1.10974,1.10988,6208.8701,TRADESIM,H1,
EURUSD,2019,8,21,0,0,1.10989,1.11010,1.10945,1.10950,5447.02,TRADESIM,H1,
EURUSD,2019,8,21,1,0,1.10952,1.10953,1.10933,1.10939,2873.47,TRADESIM,H1,
EURUSD,2019,8,21,2,0,1.10937,1.10967,1.10918,1.10961,3991.0901,TRADESIM,H1,
EURUSD,2019,8,21,3,0,1.10963,1.10980,1.10893,1.10915,7635.8901,TRADESIM,H1,
EURUSD,2019,8,21,4,0,1.10914,1.10975,1.10879,1.10926,9700.9004,TRADESIM,H1,
EURUSD,2019,8,21,5,0,1.10925,1.11058,1.10901,1.10977,12424.6201,TRADESIM,H1,
EURUSD,2019,8,21,6,0,1.10977,1.11002,1.10940,1.10947,10718.71,TRADESIM,H1,
EURUSD,2019,8,21,7,0,1.10945,1.11027,1.10939,1.11015,9548.04,TRADESIM,H1,
EURUSD,2019,8,21,8,0,1.11015,1.11070,1.11014,1.11026,8847.21,TRADESIM,H1,
EURUSD,2019,8,21,9,0,1.11027,1.11052,1.10990,1.11032,11604.2803,TRADESIM,H1,
EURUSD,2019,8,21,10,0,1.11032,1.11041,1.10960,1.10985,9980.46,TRADESIM,H1,
EURUSD,2019,8,21,11,0,1.10985,1.11000,1.10922,1.10928,11469.2998,TRADESIM,H1,
EURUSD,2019,8,21,12,0,1.10929,1.11000,1.10924,1.10969,9155.8398,TRADESIM,H1,
EURUSD,2019,8,21,13,0,1.10968,1.11044,1.10959,1.11029,8164.2002,TRADESIM,H1,
EURUSD,2019,8,21,14,0,1.11029,1.11033,1.10939,1.10940,5211.1099,TRADESIM,H1,
EURUSD,2019,8,21,15,0,1.10939,1.11050,1.10804,1.10857,14594.0098,TRADESIM,H1,
EURUSD,2019,8,21,16,0,1.10857,1.10894,1.10811,1.10849,7209.2998,TRADESIM,H1,
EURUSD,2019,8,21,17,0,1.10848,1.10857,1.10823,1.10845,2137.3,TRADESIM,H1,
EURUSD,2019,8,21,18,0,1.10844,1.10880,1.10840,1.10879,1007.37,TRADESIM,H1,
EURUSD,2019,8,21,19,0,1.10884,1.10919,1.10877,1.10910,805.58,TRADESIM,H1,
EURUSD,2019,8,21,20,0,1.10910,1.10916,1.10890,1.10901,1958.71,TRADESIM,H1,
EURUSD,2019,8,21,21,0,1.10903,1.10905,1.10841,1.10858,4421.6099,TRADESIM,H1,
EURUSD,2019,8,21,22,0,1.10859,1.10889,1.10845,1.10867,3586.1799,TRADESIM,H1,
EURUSD,2019,8,21,23,0,1.10867,1.10903,1.10862,1.10881,2981.8701,TRADESIM,H1,
EURUSD,2019,8,22,0,0,1.10881,1.10898,1.10853,1.10870,3212.1799,TRADESIM,H1,
EURUSD,2019,8,22,1,0,1.10869,1.10869,1.10813,1.10816,2807.1499,TRADESIM,H1,
EURUSD,2019,8,22,2,0,1.10816,1.10836,1.10804,1.10812,4251.2002,TRADESIM,H1,
EURUSD,2019,8,22,3,0,1.10811,1.10824,1.10756,1.10816,8795.5195,TRADESIM,H1,
EURUSD,2019,8,22,4,0,1.10816,1.11088,1.10779,1.11050,21463.1191,TRADESIM,H1,
EURUSD,2019,8,22,5,0,1.11048,1.11130,1.10982,1.10987,14611.3301,TRADESIM,H1,
EURUSD,2019,8,22,6,0,1.10986,1.10993,1.10719,1.10821,16609.6406,TRADESIM,H1,
EURUSD,2019,8,22,7,0,1.10821,1.10837,1.10677,1.10685,12364,TRADESIM,H1,
EURUSD,2019,8,22,8,0,1.10685,1.10842,1.10635,1.10804,27994.1191,TRADESIM,H1,
EURUSD,2019,8,22,9,0,1.10808,1.10868,1.10717,1.10798,16600.6309,TRADESIM,H1,
EURUSD,2019,8,22,10,0,1.10798,1.10987,1.10798,1.10959,16753.0703,TRADESIM,H1,
EURUSD,2019,8,22,11,0,1.10959,1.10961,1.10678,1.10797,18414.7402,TRADESIM,H1,
EURUSD,2019,8,22,12,0,1.10798,1.10899,1.10790,1.10887,10088.9102,TRADESIM,H1,
EURUSD,2019,8,22,13,0,1.10888,1.10892,1.10785,1.10819,7235.1499,TRADESIM,H1,
EURUSD,2019,8,22,14,0,1.10818,1.10850,1.10784,1.10823,4727.7402,TRADESIM,H1,
EURUSD,2019,8,22,15,0,1.10823,1.10893,1.10823,1.10850,4707.5698,TRADESIM,H1,
EURUSD,2019,8,22,16,0,1.10850,1.10873,1.10821,1.10821,4111.02,TRADESIM,H1,
EURUSD,2019,8,22,17,0,1.10820,1.10826,1.10784,1.10799,1840.29,TRADESIM,H1,
EURUSD,2019,8,22,18,0,1.10798,1.10816,1.10785,1.10805,4196.8101,TRADESIM,H1,
EURUSD,2019,8,22,19,0,1.10803,1.10835,1.10801,1.10820,1078.14,TRADESIM,H1,
EURUSD,2019,8,22,20,0,1.10819,1.10858,1.10803,1.10836,2898.5701,TRADESIM,H1,
EURUSD,2019,8,22,21,0,1.10835,1.10853,1.10791,1.10791,5106.54,TRADESIM,H1,
EURUSD,2019,8,22,22,0,1.10791,1.10805,1.10733,1.10748,6259.5698,TRADESIM,H1,
EURUSD,2019,8,22,23,0,1.10748,1.10762,1.10721,1.10737,6095.4502,TRADESIM,H1,
EURUSD,2019,8,23,0,0,1.10737,1.10743,1.10663,1.10678,4625.48,TRADESIM,H1,
EURUSD,2019,8,23,1,0,1.10678,1.10697,1.10607,1.10692,4623.75,TRADESIM,H1,
EURUSD,2019,8,23,2,0,1.10693,1.10704,1.10660,1.10680,4153.5298,TRADESIM,H1,
EURUSD,2019,8,23,3,0,1.10680,1.10700,1.10653,1.10691,7584.2798,TRADESIM,H1,
EURUSD,2019,8,23,4,0,1.10692,1.10740,1.10660,1.10686,13264.7002,TRADESIM,H1,
EURUSD,2019,8,23,5,0,1.10687,1.10733,1.10664,1.10675,10537.7002,TRADESIM,H1,
EURUSD,2019,8,23,6,0,1.10675,1.10686,1.10554,1.10595,10306.4697,TRADESIM,H1,
EURUSD,2019,8,23,7,0,1.10595,1.10607,1.10516,1.10547,8980.5703,TRADESIM,H1,
EURUSD,2019,8,23,8,0,1.10546,1.10648,1.10526,1.10568,8255.1104,TRADESIM,H1,
EURUSD,2019,8,23,9,0,1.10568,1.10731,1.10568,1.10634,24253.1699,TRADESIM,H1,
EURUSD,2019,8,23,10,0,1.10634,1.10725,1.10623,1.10661,12373.9902,TRADESIM,H1,
EURUSD,2019,8,23,11,0,1.10664,1.11146,1.10527,1.11097,27156.1797,TRADESIM,H1,
EURUSD,2019,8,23,12,0,1.11097,1.11475,1.11039,1.11473,33246.1406,TRADESIM,H1,
EURUSD,2019,8,23,13,0,1.11472,1.11472,1.11270,1.11384,14439.0996,TRADESIM,H1,
EURUSD,2019,8,23,14,0,1.11386,1.11451,1.11358,1.11398,10713.0801,TRADESIM,H1,
EURUSD,2019,8,23,15,0,1.11398,1.11532,1.11397,1.11453,9159.5195,TRADESIM,H1,
EURUSD,2019,8,23,16,0,1.11454,1.11503,1.11414,1.11415,9140.8301,TRADESIM,H1,
EURUSD,2019,8,23,17,0,1.11414,1.11475,1.11332,1.11360,4495.1602,TRADESIM,H1,
EURUSD,2019,8,23,18,0,1.11360,1.11360,1.11360,1.11360,0,TRADESIM,H1,
EURUSD,2019,8,23,19,0,1.11360,1.11360,1.11360,1.11360,0,TRADESIM,H1,
EURUSD,2019,8,23,20,0,1.11360,1.11360,1.11360,1.11360,0,TRADESIM,H1,
EURUSD,2019,8,23,21,0,1.11360,1.11360,1.11360,1.11360,0,TRADESIM,H1,
EURUSD,2019,8,23,22,0,1.11360,1.11360,1.11360,1.11360,0,TRADESIM,H1,
EURUSD,2019,8,23,23,0,1.11360,1.11360,1.11360,1.11360,0,TRADESIM,H1,
EURUSD,2019,8,24,0,0,1.11360,1.11360,1.11360,1.11360,0,TRADESIM,H1,
EURUSD,2019,8,24,1,0,1.11360,1.11360,1.11360,1.11360,0,TRADESIM,H1,
EURUSD,2019,8,24,2,0,1.11360,1.11360,1.11360,1.11360,0,TRADESIM,H1,
EURUSD,2019,8,24,3,0,1.11360,1.11360,1.11360,1.11360,0,TRADESIM,H1,
EURUSD,2019,8,24,4,0,1.11360,1.11360,1.11360,1.11360,0,TRADESIM,H1,
EURUSD,2019,8,24,5,0,1.11360,1.11360,1.11360,1.11360,0,TRADESIM,H1,
EURUSD,2019,8,24,6,0,1.11360,1.11360,1.11360,1.11360,0,TRADESIM,H1,
EURUSD,2019,8,24,7,0,1.11360,1.11360,1.11360,1.11360,0,TRADESIM,H1,
EURUSD,2019,8,24,8,0,1.11360,1.11360,1.11360,1.11360,0,TRADESIM,H1,
EURUSD,2019,8,24,9,0,1.11360,1.11360,1.11360,1.11360,0,TRADESIM,H1,
EURUSD,2019,8,24,10,0,1.11360,1.11360,1.11360,1.11360,0,TRADESIM,H1,
EURUSD,2019,8,24,11,0,1.11360,1.11360,1.11360,1.11360,0,TRADESIM,H1,
EURUSD,2019,8,24,12,0,1.11360,1.11360,1.11360,1.11360,0,TRADESIM,H1,
EURUSD,2019,8,24,13,0,1.11360,1.11360,1.11360,1.11360,0,TRADESIM,H1,
EURUSD,2019,8,24,14,0,1.11360,1.11360,1.11360,1.11360,0,TRADESIM,H1,
EURUSD,2019,8,24,15,0,1.11360,1.11360,1.11360,1.11360,0,TRADESIM,H1,
EURUSD,2019,8,24,16,0,1.11360,1.11360,1.11360,1.11360,0,TRADESIM,H1,
EURUSD,2019,8,24,17,0,1.11360,1.11360,1.11360,1.11360,0,TRADESIM,H1,
EURUSD,2019,8,24,18,0,1.11360,1.11360,1.11360,1.11360,0,TRADESIM,H1,
EURUSD,2019,8,24,19,0,1.11360,1.11360,1.11360,1.11360,0,TRADESIM,H1,
EURUSD,2019,8,24,20,0,1.11360,1.11360,1.11360,1.11360,0,TRADESIM,H1,
EURUSD,2019,8,24,21,0,1.11360,1.11360,1.11360,1.11360,0,TRADESIM,H1,
EURUSD,2019,8,24,22,0,1.11360,1.11360,1.11360,1.11360,0,TRADESIM,H1,
EURUSD,2019,8,24,23,0,1.11360,1.11360,1.11360,1.11360,0,TRADESIM,H1,
EURUSD,2019,8,25,0,0,1.11360,1.11360,1.11360,1.11360,0,TRADESIM,H1,
EURUSD,2019,8,25,1,0,1.11360,1.11360,1.11360,1.11360,0,TRADESIM,H1,
EURUSD,2019,8,25,2,0,1.11360,1.11360,1.11360,1.11360,0,TRADESIM,H1,
EURUSD,2019,8,25,3,0,1.11360,1.11360,1.11360,1.11360,0,TRADESIM,H1,
EURUSD,2019,8,25,4,0,1.11360,1.11360,1.11360,1.11360,0,TRADESIM,H1,
EURUSD,2019,8,25,5,0,1.11360,1.11360,1.11360,1.11360,0,TRADESIM,H1,
EURUSD,2019,8,25,6,0,1.11360,1.11360,1.11360,1.11360,0,TRADESIM,H1,
EURUSD,2019,8,25,7,0,1.11360,1.11360,1.11360,1.11360,0,TRADESIM,H1,
EURUSD,2019,8,25,8,0,1.11360,1.11360,1.11360,1.11360,0,TRADESIM,H1,
EURUSD,2019,8,25,9,0,1.11360,1.11360,1.11360,1.11360,0,TRADESIM,H1,
EURUSD,2019,8,25,10,0,1.11360,1.11360,1.11360,1.11360,0,TRADESIM,H1,
EURUSD,2019,8,25,11,0,1.11360,1.11360,1.11360,1.11360,0,TRADESIM,H1,
EURUSD,2019,8,25,12,0,1.11360,1.11360,1.11360,1.11360,0,TRADESIM,H1,
EURUSD,2019,8,25,13,0,1.11360,1.11360,1.11360,1.11360,0,TRADESIM,H1,
EURUSD,2019,8,25,14,0,1.11360,1.11360,1.11360,1.11360,0,TRADESIM,H1,
EURUSD,2019,8,25,15,0,1.11360,1.11360,1.11360,1.11360,0,TRADESIM,H1,
EURUSD,2019,8,25,16,0,1.11360,1.11360,1.11360,1.11360,0,TRADESIM,H1,
EURUSD,2019,8,25,17,0,1.11360,1.11360,1.11360,1.11360,0,TRADESIM,H1,
EURUSD,2019,8,25,18,0,1.11507,1.11507,1.11393,1.11483,1499.73,TRADESIM,H1,
EURUSD,2019,8,25,19,0,1.11476,1.11639,1.11473,1.11541,8276.1104,TRADESIM,H1,
EURUSD,2019,8,25,20,0,1.11540,1.11541,1.11420,1.11433,5959.3999,TRADESIM,H1,
EURUSD,2019,8,25,21,0,1.11433,1.11461,1.11359,1.11431,9988.46,TRADESIM,H1,
EURUSD,2019,8,25,22,0,1.11431,1.11475,1.11384,1.11445,11686.2197,TRADESIM,H1,
EURUSD,2019,8,25,23,0,1.11445,1.11482,1.11319,1.11394,10110.3301,TRADESIM,H1,
EURUSD,2019,8,26,0,0,1.11393,1.11435,1.11377,1.11412,6299.29,TRADESIM,H1,
EURUSD,2019,8,26,1,0,1.11412,1.11470,1.11410,1.11430,7295.6401,TRADESIM,H1,
EURUSD,2019,8,26,2,0,1.11431,1.11470,1.11406,1.11435,9698.3496,TRADESIM,H1,
EURUSD,2019,8,26,3,0,1.11435,1.11529,1.11285,1.11335,15661.9902,TRADESIM,H1,
EURUSD,2019,8,26,4,0,1.11335,1.11357,1.11161,1.11211,32210.3105,TRADESIM,H1,
EURUSD,2019,8,26,5,0,1.11212,1.11212,1.11106,1.11145,19770.8105,TRADESIM,H1,
EURUSD,2019,8,26,6,0,1.11145,1.11207,1.11095,1.11174,17620.5508,TRADESIM,H1,
EURUSD,2019,8,26,7,0,1.11175,1.11242,1.11136,1.11200,14913.2695,TRADESIM,H1,
EURUSD,2019,8,26,8,0,1.11200,1.11207,1.11094,1.11161,14348.4502,TRADESIM,H1,
EURUSD,2019,8,26,9,0,1.11161,1.11196,1.11062,1.11113,15300.5596,TRADESIM,H1,
EURUSD,2019,8,26,10,0,1.11113,1.11242,1.11094,1.11172,21399,TRADESIM,H1,
EURUSD,2019,8,26,11,0,1.11172,1.11219,1.11125,1.11139,16888.9902,TRADESIM,H1,
EURUSD,2019,8,26,12,0,1.11140,1.11162,1.11070,1.11105,15238.4697,TRADESIM,H1,
EURUSD,2019,8,26,13,0,1.11105,1.11155,1.11079,1.11096,8576.2305,TRADESIM,H1,
EURUSD,2019,8,26,14,0,1.11096,1.11097,1.10966,1.11044,8584.1396,TRADESIM,H1,
EURUSD,2019,8,26,15,0,1.11044,1.11071,1.10947,1.10976,7146.1602,TRADESIM,H1,
EURUSD,2019,8,26,16,0,1.10976,1.11006,1.10960,1.10965,6153.79,TRADESIM,H1,
EURUSD,2019,8,26,17,0,1.10966,1.11009,1.10942,1.11008,2099.3,TRADESIM,H1,
EURUSD,2019,8,26,18,0,1.11004,1.11039,1.10992,1.10998,1499.0601,TRADESIM,H1,
EURUSD,2019,8,26,19,0,1.11001,1.11022,1.10994,1.10999,1217.6899,TRADESIM,H1,
EURUSD,2019,8,26,20,0,1.10999,1.11024,1.10982,1.11013,2435.3,TRADESIM,H1,
EURUSD,2019,8,26,21,0,1.11012,1.11054,1.11003,1.11034,5362.8398,TRADESIM,H1,
EURUSD,2019,8,26,22,0,1.11035,1.11057,1.11009,1.11032,7980.2002,TRADESIM,H1,
EURUSD,2019,8,26,23,0,1.11032,1.11071,1.11025,1.11049,5013.7598,TRADESIM,H1,
EURUSD,2019,8,27,0,0,1.11050,1.11050,1.11003,1.11012,4373.8799,TRADESIM,H1,
EURUSD,2019,8,27,1,0,1.11013,1.11020,1.10978,1.10983,4465.3701,TRADESIM,H1,
EURUSD,2019,8,27,2,0,1.10983,1.11039,1.10983,1.11023,6280.6899,TRADESIM,H1,
EURUSD,2019,8,27,3,0,1.11021,1.11057,1.10978,1.11052,13842.8096,TRADESIM,H1,
EURUSD,2019,8,27,4,0,1.11052,1.11148,1.11038,1.11091,17485.4609,TRADESIM,H1,
EURUSD,2019,8,27,5,0,1.11091,1.11159,1.11059,1.11130,14405.3496,TRADESIM,H1,
EURUSD,2019,8,27,6,0,1.11130,1.11152,1.11060,1.11076,16686.6797,TRADESIM,H1,
EURUSD,2019,8,27,7,0,1.11076,1.11083,1.11017,1.11068,13587.1904,TRADESIM,H1,
EURUSD,2019,8,27,8,0,1.11068,1.11096,1.11000,1.11013,11727.9297,TRADESIM,H1,
EURUSD,2019,8,27,9,0,1.11012,1.11097,1.11006,1.11086,12803.1299,TRADESIM,H1,
EURUSD,2019,8,27,10,0,1.11087,1.11091,1.10944,1.11014,16703.1191,TRADESIM,H1,
EURUSD,2019,8,27,11,0,1.11014,1.11034,1.10919,1.11016,16001.6299,TRADESIM,H1,
EURUSD,2019,8,27,12,0,1.11018,1.11026,1.10871,1.10936,13306.21,TRADESIM,H1,
EURUSD,2019,8,27,13,0,1.10936,1.10971,1.10855,1.10965,8849.6201,TRADESIM,H1,
EURUSD,2019,8,27,14,0,1.10965,1.10967,1.10893,1.10923,5976.3999,TRADESIM,H1,
EURUSD,2019,8,27,15,0,1.10923,1.10959,1.10904,1.10928,4209.2202,TRADESIM,H1,
EURUSD,2019,8,27,16,0,1.10928,1.10928,1.10882,1.10897,5056.4102,TRADESIM,H1,
EURUSD,2019,8,27,17,0,1.10898,1.10905,1.10871,1.10901,1528.02,TRADESIM,H1,
EURUSD,2019,8,27,18,0,1.10895,1.10943,1.10893,1.10931,2265.1799,TRADESIM,H1,
EURUSD,2019,8,27,19,0,1.10926,1.10930,1.10905,1.10917,1774.46,TRADESIM,H1,
EURUSD,2019,8,27,20,0,1.10918,1.10929,1.10893,1.10893,2291.4099,TRADESIM,H1,
EURUSD,2019,8,27,21,0,1.10894,1.10922,1.10858,1.10880,7013.8501,TRADESIM,H1,
EURUSD,2019,8,27,22,0,1.10880,1.10902,1.10853,1.10869,7420.54,TRADESIM,H1,
EURUSD,2019,8,27,23,0,1.10869,1.10892,1.10864,1.10881,5113.9902,TRADESIM,H1,
EURUSD,2019,8,28,0,0,1.10881,1.10889,1.10859,1.10874,4724.0098,TRADESIM,H1,
EURUSD,2019,8,28,1,0,1.10874,1.10875,1.10842,1.10869,2837.97,TRADESIM,H1,
EURUSD,2019,8,28,2,0,1.10868,1.10899,1.10851,1.10886,5343.3701,TRADESIM,H1,
EURUSD,2019,8,28,3,0,1.10886,1.10896,1.10847,1.10883,9658.0195,TRADESIM,H1,
EURUSD,2019,8,28,4,0,1.10883,1.10975,1.10873,1.10930,12767.6104,TRADESIM,H1,
EURUSD,2019,8,28,5,0,1.10931,1.10978,1.10825,1.10887,19446.3496,TRADESIM,H1,
EURUSD,2019,8,28,6,0,1.10888,1.10954,1.10856,1.10913,16881.0801,TRADESIM,H1,
EURUSD,2019,8,28,7,0,1.10911,1.10975,1.10881,1.10929,12304.25,TRADESIM,H1,
EURUSD,2019,8,28,8,0,1.10929,1.10931,1.10831,1.10836,12237.3203,TRADESIM,H1,
EURUSD,2019,8,28,9,0,1.10836,1.10862,1.10801,1.10815,13232.4297,TRADESIM,H1,
EURUSD,2019,8,28,10,0,1.10816,1.10861,1.10737,1.10817,17673.6406,TRADESIM,H1,
EURUSD,2019,8,28,11,0,1.10817,1.10836,1.10733,1.10758,17047.7207,TRADESIM,H1,
EURUSD,2019,8,28,12,0,1.10757,1.10848,1.10742,1.10834,10575.5801,TRADESIM,H1,
EURUSD,2019,8,28,13,0,1.10835,1.10847,1.10762,1.10786,6992.4199,TRADESIM,H1,
EURUSD,2019,8,28,14,0,1.10788,1.10856,1.10771,1.10831,7044.2202,TRADESIM,H1,
EURUSD,2019,8,28,15,0,1.10831,1.10846,1.10774,1.10796,5895.8501,TRADESIM,H1,
EURUSD,2019,8,28,16,0,1.10795,1.10810,1.10750,1.10759,6867.8501,TRADESIM,H1,
EURUSD,2019,8,28,17,0,1.10760,1.10780,1.10747,1.10770,1908.8,TRADESIM,H1,
EURUSD,2019,8,28,18,0,1.10770,1.10845,1.10768,1.10809,3721.5601,TRADESIM,H1,
EURUSD,2019,8,28,19,0,1.10808,1.10843,1.10805,1.10841,1877.11,TRADESIM,H1,
EURUSD,2019,8,28,20,0,1.10843,1.10864,1.10833,1.10855,2725.46,TRADESIM,H1,
EURUSD,2019,8,28,21,0,1.10856,1.10867,1.10831,1.10851,3864.3799,TRADESIM,H1,
EURUSD,2019,8,28,22,0,1.10850,1.10874,1.10826,1.10831,5679.75,TRADESIM,H1,
EURUSD,2019,8,28,23,0,1.10831,1.10833,1.10801,1.10821,4960.5601,TRADESIM,H1,
EURUSD,2019,8,29,0,0,1.10820,1.10848,1.10817,1.10842,3458.6399,TRADESIM,H1,
EURUSD,2019,8,29,1,0,1.10842,1.10846,1.10807,1.10810,2713.73,TRADESIM,H1,
EURUSD,2019,8,29,2,0,1.10813,1.10852,1.10813,1.10843,4918.73,TRADESIM,H1,
EURUSD,2019,8,29,3,0,1.10843,1.10858,1.10808,1.10809,9414.7695,TRADESIM,H1,
EURUSD,2019,8,29,4,0,1.10808,1.10850,1.10748,1.10820,19931.5703,TRADESIM,H1,
EURUSD,2019,8,29,5,0,1.10820,1.10831,1.10757,1.10763,17007.2695,TRADESIM,H1,
EURUSD,2019,8,29,6,0,1.10763,1.10781,1.10700,1.10763,13366.9199,TRADESIM,H1,
EURUSD,2019,8,29,7,0,1.10763,1.10773,1.10721,1.10744,10356.75,TRADESIM,H1,
EURUSD,2019,8,29,8,0,1.10745,1.10765,1.10695,1.10740,10869.5596,TRADESIM,H1,
EURUSD,2019,8,29,9,0,1.10742,1.10818,1.10689,1.10704,15242.71,TRADESIM,H1,
EURUSD,2019,8,29,10,0,1.10706,1.10736,1.10558,1.10626,18490.9609,TRADESIM,H1,
EURUSD,2019,8,29,11,0,1.10631,1.10930,1.10593,1.10672,20117.5,TRADESIM,H1,
EURUSD,2019,8,29,12,0,1.10671,1.10672,1.10548,1.10583,11690.1797,TRADESIM,H1,
EURUSD,2019,8,29,13,0,1.10582,1.10593,1.10499,1.10530,8852.9297,TRADESIM,H1,
EURUSD,2019,8,29,14,0,1.10530,1.10545,1.10419,1.10534,9581.21,TRADESIM,H1,
EURUSD,2019,8,29,15,0,1.10534,1.10550,1.10507,1.10520,5978.5,TRADESIM,H1,
EURUSD,2019,8,29,16,0,1.10520,1.10583,1.10515,1.10577,5781.3198,TRADESIM,H1,
EURUSD,2019,8,29,17,0,1.10576,1.10584,1.10553,1.10563,1834.3199,TRADESIM,H1,
EURUSD,2019,8,29,18,0,1.10563,1.10590,1.10557,1.10579,1508.85,TRADESIM,H1,
EURUSD,2019,8,29,19,0,1.10579,1.10585,1.10558,1.10580,1215.02,TRADESIM,H1,
EURUSD,2019,8,29,20,0,1.10581,1.10603,1.10577,1.10589,1945.72,TRADESIM,H1,
EURUSD,2019,8,29,21,0,1.10589,1.10599,1.10516,1.10538,7354.0498,TRADESIM,H1,
EURUSD,2019,8,29,22,0,1.10538,1.10540,1.10476,1.10492,6415.8599,TRADESIM,H1,
EURUSD,2019,8,29,23,0,1.10491,1.10500,1.10425,1.10433,3936.29,TRADESIM,H1,
EURUSD,2019,8,30,0,0,1.10432,1.10462,1.10422,1.10443,3273.8,TRADESIM,H1,
EURUSD,2019,8,30,1,0,1.10443,1.10458,1.10430,1.10448,2458.3,TRADESIM,H1,
EURUSD,2019,8,30,2,0,1.10447,1.10501,1.10446,1.10480,6184.73,TRADESIM,H1,
EURUSD,2019,8,30,3,0,1.10480,1.10516,1.10352,1.10377,14453.0498,TRADESIM,H1,
EURUSD,2019,8,30,4,0,1.10378,1.10406,1.10332,1.10377,19341,TRADESIM,H1,
EURUSD,2019,8,30,5,0,1.10377,1.10440,1.10350,1.10378,13187.7402,TRADESIM,H1,
EURUSD,2019,8,30,6,0,1.10379,1.10458,1.10373,1.10404,12498.9102,TRADESIM,H1,
EURUSD,2019,8,30,7,0,1.10405,1.10446,1.10388,1.10405,9408.4199,TRADESIM,H1,
EURUSD,2019,8,30,8,0,1.10406,1.10421,1.10347,1.10353,12581.4902,TRADESIM,H1,
EURUSD,2019,8,30,9,0,1.10353,1.10424,1.10341,1.10381,13096.46,TRADESIM,H1,
EURUSD,2019,8,30,10,0,1.10384,1.10490,1.10384,1.10444,9121.2598,TRADESIM,H1,
EURUSD,2019,8,30,11,0,1.10443,1.10495,1.10099,1.10124,7006.7002,TRADESIM,H1,
EURUSD,2019,8,30,12,0,1.10123,1.10134,1.09845,1.09891,12903.4199,TRADESIM,H1,
EURUSD,2019,8,30,13,0,1.09891,1.09928,1.09852,1.09873,2471.46,TRADESIM,H1,
EURUSD,2019,8,30,14,0,1.09874,1.09874,1.09632,1.09711,3808.2,TRADESIM,H1,
EURUSD,2019,8,30,15,0,1.09712,1.09797,1.09694,1.09766,2439.8899,TRADESIM,H1,
EURUSD,2019,8,30,16,0,1.09766,1.09924,1.09766,1.09917,2303.9399,TRADESIM,H1,
EURUSD,2019,8,30,17,0,1.09916,1.09937,1.09880,1.09880,1034.33,TRADESIM,H1,
EURUSD,2019,8,30,18,0,1.09880,1.09880,1.09880,1.09880,0,TRADESIM,H1,
EURUSD,2019,8,30,19,0,1.09880,1.09880,1.09880,1.09880,0,TRADESIM,H1,
EURUSD,2019,8,30,20,0,1.09880,1.09880,1.09880,1.09880,0,TRADESIM,H1,
EURUSD,2019,8,30,21,0,1.09880,1.09880,1.09880,1.09880,0,TRADESIM,H1,
EURUSD,2019,8,30,22,0,1.09880,1.09880,1.09880,1.09880,0,TRADESIM,H1,
EURUSD,2019,8,30,23,0,1.09880,1.09880,1.09880,1.09880,0,TRADESIM,H1,
EURUSD,2019,8,31,0,0,1.09880,1.09880,1.09880,1.09880,0,TRADESIM,H1,
EURUSD,2019,8,31,1,0,1.09880,1.09880,1.09880,1.09880,0,TRADESIM,H1,
EURUSD,2019,8,31,2,0,1.09880,1.09880,1.09880,1.09880,0,TRADESIM,H1,
EURUSD,2019,8,31,3,0,1.09880,1.09880,1.09880,1.09880,0,TRADESIM,H1,
EURUSD,2019,8,31,4,0,1.09880,1.09880,1.09880,1.09880,0,TRADESIM,H1,
EURUSD,2019,8,31,5,0,1.09880,1.09880,1.09880,1.09880,0,TRADESIM,H1,
EURUSD,2019,8,31,6,0,1.09880,1.09880,1.09880,1.09880,0,TRADESIM,H1,
EURUSD,2019,8,31,7,0,1.09880,1.09880,1.09880,1.09880,0,TRADESIM,H1,
EURUSD,2019,8,31,8,0,1.09880,1.09880,1.09880,1.09880,0,TRADESIM,H1,
EURUSD,2019,8,31,9,0,1.09880,1.09880,1.09880,1.09880,0,TRADESIM,H1,
EURUSD,2019,8,31,10,0,1.09880,1.09880,1.09880,1.09880,0,TRADESIM,H1,
EURUSD,2019,8,31,11,0,1.09880,1.09880,1.09880,1.09880,0,TRADESIM,H1,
EURUSD,2019,8,31,12,0,1.09880,1.09880,1.09880,1.09880,0,TRADESIM,H1,
EURUSD,2019,8,31,13,0,1.09880,1.09880,1.09880,1.09880,0,TRADESIM,H1,
EURUSD,2019,8,31,14,0,1.09880,1.09880,1.09880,1.09880,0,TRADESIM,H1,
EURUSD,2019,8,31,15,0,1.09880,1.09880,1.09880,1.09880,0,TRADESIM,H1,
EURUSD,2019,8,31,16,0,1.09880,1.09880,1.09880,1.09880,0,TRADESIM,H1,
EURUSD,2019,8,31,17,0,1.09880,1.09880,1.09880,1.09880,0,TRADESIM,H1,
EURUSD,2019,8,31,18,0,1.09880,1.09880,1.09880,1.09880,0,TRADESIM,H1,
EURUSD,2019,8,31,19,0,1.09880,1.09880,1.09880,1.09880,0,TRADESIM,H1,
EURUSD,2019,8,31,20,0,1.09880,1.09880,1.09880,1.09880,0,TRADESIM,H1,
EURUSD,2019,8,31,21,0,1.09880,1.09880,1.09880,1.09880,0,TRADESIM,H1,
EURUSD,2019,8,31,22,0,1.09880,1.09880,1.09880,1.09880,0,TRADESIM,H1,
EURUSD,2019,8,31,23,0,1.09880,1.09880,1.09880,1.09880,0,TRADESIM,H1,