 GBPUSD,2019,7,01,00,0,1.26982,1.26998,1.26967,1.26981,1560.0601,TRADESIM,H1,
GBPUSD,2019,7,01,01,0,1.26981,1.27006,1.26964,1.27002,1617.87,TRADESIM,H1,
GBPUSD,2019,7,01,02,0,1.27002,1.27007,1.26790,1.26840,6397.7402,TRADESIM,H1,
GBPUSD,2019,7,01,03,0,1.26840,1.26867,1.26704,1.26707,7467.29,TRADESIM,H1,
GBPUSD,2019,7,01,04,0,1.26707,1.26730,1.26553,1.26564,10813.04,TRADESIM,H1,
GBPUSD,2019,7,01,05,0,1.26565,1.26644,1.26397,1.26435,11282.4502,TRADESIM,H1,
GBPUSD,2019,7,01,06,0,1.26437,1.26471,1.26350,1.26450,8602.1299,TRADESIM,H1,
GBPUSD,2019,7,01,07,0,1.26447,1.26511,1.26350,1.26363,9956.7002,TRADESIM,H1,
GBPUSD,2019,7,01,08,0,1.26363,1.26500,1.26341,1.26451,10200.6201,TRADESIM,H1,
GBPUSD,2019,7,01,09,0,1.26452,1.26712,1.26427,1.26545,9926.7305,TRADESIM,H1,
GBPUSD,2019,7,01,10,0,1.26546,1.26694,1.26483,1.26578,9383.7998,TRADESIM,H1,
GBPUSD,2019,7,01,11,0,1.26572,1.26572,1.26316,1.26511,13579.9404,TRADESIM,H1,
GBPUSD,2019,7,01,12,0,1.26508,1.26536,1.26318,1.26432,8447.9404,TRADESIM,H1,
GBPUSD,2019,7,01,13,0,1.26432,1.26524,1.26319,1.26350,8091.52,TRADESIM,H1,
GBPUSD,2019,7,01,14,0,1.26353,1.26426,1.26319,1.26379,7575.4902,TRADESIM,H1,
GBPUSD,2019,7,01,15,0,1.26381,1.26464,1.26328,1.26368,7771.4502,TRADESIM,H1,
GBPUSD,2019,7,01,16,0,1.26369,1.26449,1.26360,1.26379,4078.48,TRADESIM,H1,
GBPUSD,2019,7,01,17,0,1.26380,1.26389,1.26357,1.26386,1379.45,TRADESIM,H1,
GBPUSD,2019,7,01,18,0,1.26378,1.26434,1.26359,1.26388,1371.1801,TRADESIM,H1,
GBPUSD,2019,7,01,19,0,1.26391,1.26477,1.26391,1.26461,1858.1899,TRADESIM,H1,
GBPUSD,2019,7,01,20,0,1.26462,1.26465,1.26431,1.26440,1529.87,TRADESIM,H1,
GBPUSD,2019,7,01,21,0,1.26443,1.26455,1.26390,1.26431,2410.8,TRADESIM,H1,
GBPUSD,2019,7,01,22,0,1.26434,1.26442,1.26400,1.26402,3153.05,TRADESIM,H1,
GBPUSD,2019,7,01,23,0,1.26403,1.26427,1.26379,1.26405,2414.6499,TRADESIM,H1,
GBPUSD,2019,7,02,00,0,1.26403,1.26427,1.26375,1.26376,1634.1,TRADESIM,H1,
GBPUSD,2019,7,02,01,0,1.26376,1.26381,1.26258,1.26375,3204.9399,TRADESIM,H1,
GBPUSD,2019,7,02,02,0,1.26375,1.26402,1.26322,1.26395,3234.8999,TRADESIM,H1,
GBPUSD,2019,7,02,03,0,1.26393,1.26455,1.26340,1.26367,5762.3799,TRADESIM,H1,
GBPUSD,2019,7,02,04,0,1.26369,1.26386,1.26186,1.26235,9938.46,TRADESIM,H1,
GBPUSD,2019,7,02,05,0,1.26234,1.26286,1.26124,1.26172,8772.0098,TRADESIM,H1,
GBPUSD,2019,7,02,06,0,1.26172,1.26287,1.26057,1.26209,11039.5898,TRADESIM,H1,
GBPUSD,2019,7,02,07,0,1.26209,1.26285,1.26072,1.26257,9202.9502,TRADESIM,H1,
GBPUSD,2019,7,02,08,0,1.26257,1.26308,1.26218,1.26280,7779.5298,TRADESIM,H1,
GBPUSD,2019,7,02,09,0,1.26279,1.26356,1.26269,1.26291,7687.8999,TRADESIM,H1,
GBPUSD,2019,7,02,10,0,1.26294,1.26447,1.26289,1.26365,8347.3604,TRADESIM,H1,
GBPUSD,2019,7,02,11,0,1.26368,1.26416,1.25837,1.25942,13666.9502,TRADESIM,H1,
GBPUSD,2019,7,02,12,0,1.25942,1.26029,1.25905,1.25979,8612.9902,TRADESIM,H1,
GBPUSD,2019,7,02,13,0,1.25979,1.26166,1.25977,1.26149,7531.1401,TRADESIM,H1,
GBPUSD,2019,7,02,14,0,1.26149,1.26151,1.26049,1.26104,6764.75,TRADESIM,H1,
GBPUSD,2019,7,02,15,0,1.26105,1.26105,1.25986,1.26023,6805.5498,TRADESIM,H1,
GBPUSD,2019,7,02,16,0,1.26030,1.26107,1.25965,1.25979,8027.6001,TRADESIM,H1,
GBPUSD,2019,7,02,17,0,1.25975,1.25985,1.25921,1.25922,1395.88,TRADESIM,H1,
GBPUSD,2019,7,02,18,0,1.25922,1.25953,1.25874,1.25941,464.54,TRADESIM,H1,
GBPUSD,2019,7,02,19,0,1.25941,1.25981,1.25933,1.25966,1120.8199,TRADESIM,H1,
GBPUSD,2019,7,02,20,0,1.25967,1.25984,1.25948,1.25972,1342.97,TRADESIM,H1,
GBPUSD,2019,7,02,21,0,1.25972,1.25996,1.25892,1.25988,2948.3301,TRADESIM,H1,
GBPUSD,2019,7,02,22,0,1.25985,1.26000,1.25912,1.25917,4449.75,TRADESIM,H1,
GBPUSD,2019,7,02,23,0,1.25918,1.25932,1.25886,1.25904,4893.6899,TRADESIM,H1,
GBPUSD,2019,7,03,00,0,1.25904,1.25948,1.25899,1.25906,3848.52,TRADESIM,H1,
GBPUSD,2019,7,03,01,0,1.25906,1.25912,1.25867,1.25882,2322.02,TRADESIM,H1,
GBPUSD,2019,7,03,02,0,1.25883,1.25899,1.25844,1.25865,3558.04,TRADESIM,H1,
GBPUSD,2019,7,03,03,0,1.25862,1.25864,1.25629,1.25679,6639.5498,TRADESIM,H1,
GBPUSD,2019,7,03,04,0,1.25679,1.25747,1.25570,1.25716,8864.5801,TRADESIM,H1,
GBPUSD,2019,7,03,05,0,1.25716,1.25815,1.25581,1.25783,9660.2803,TRADESIM,H1,
GBPUSD,2019,7,03,06,0,1.25783,1.25788,1.25684,1.25714,8028.7002,TRADESIM,H1,
GBPUSD,2019,7,03,07,0,1.25713,1.25773,1.25639,1.25697,6471.0801,TRADESIM,H1,
GBPUSD,2019,7,03,08,0,1.25697,1.25818,1.25688,1.25790,8292.6797,TRADESIM,H1,
GBPUSD,2019,7,03,09,0,1.25791,1.25912,1.25676,1.25681,11335.0703,TRADESIM,H1,
GBPUSD,2019,7,03,10,0,1.25679,1.25888,1.25654,1.25831,11459.6504,TRADESIM,H1,
GBPUSD,2019,7,03,11,0,1.25838,1.25909,1.25588,1.25627,15180.79,TRADESIM,H1,
GBPUSD,2019,7,03,12,0,1.25627,1.25702,1.25609,1.25669,8852.4697,TRADESIM,H1,
GBPUSD,2019,7,03,13,0,1.25670,1.25789,1.25586,1.25742,6674,TRADESIM,H1,
GBPUSD,2019,7,03,14,0,1.25742,1.25788,1.25710,1.25779,2286.6899,TRADESIM,H1,
GBPUSD,2019,7,03,15,0,1.25776,1.25786,1.25744,1.25757,1798.41,TRADESIM,H1,
GBPUSD,2019,7,03,16,0,1.25756,1.25819,1.25756,1.25771,1512.7,TRADESIM,H1,
GBPUSD,2019,7,03,17,0,1.25766,1.25777,1.25710,1.25711,1550.12,TRADESIM,H1,
GBPUSD,2019,7,03,18,0,1.25724,1.25791,1.25623,1.25766,2228.51,TRADESIM,H1,
GBPUSD,2019,7,03,19,0,1.25765,1.25805,1.25728,1.25792,1475.6801,TRADESIM,H1,
GBPUSD,2019,7,03,20,0,1.25791,1.25826,1.25785,1.25824,1019.36,TRADESIM,H1,
GBPUSD,2019,7,03,21,0,1.25824,1.25828,1.25766,1.25812,1933.64,TRADESIM,H1,
GBPUSD,2019,7,03,22,0,1.25812,1.25864,1.25795,1.25856,1786.4,TRADESIM,H1,
GBPUSD,2019,7,03,23,0,1.25856,1.25911,1.25779,1.25782,2346.8701,TRADESIM,H1,
GBPUSD,2019,7,04,00,0,1.25784,1.25835,1.25784,1.25796,1392.47,TRADESIM,H1,
GBPUSD,2019,7,04,01,0,1.25797,1.25857,1.25793,1.25855,1468.71,TRADESIM,H1,
GBPUSD,2019,7,04,02,0,1.25856,1.25877,1.25792,1.25807,1348.6801,TRADESIM,H1,
GBPUSD,2019,7,04,03,0,1.25805,1.25833,1.25683,1.25713,4275.73,TRADESIM,H1,
GBPUSD,2019,7,04,04,0,1.25713,1.25864,1.25694,1.25777,6931.4302,TRADESIM,H1,
GBPUSD,2019,7,04,05,0,1.25779,1.25880,1.25771,1.25794,5608.7598,TRADESIM,H1,
GBPUSD,2019,7,04,06,0,1.25793,1.25804,1.25715,1.25746,6735.3198,TRADESIM,H1,
GBPUSD,2019,7,04,07,0,1.25747,1.25813,1.25685,1.25743,7529.8599,TRADESIM,H1,
GBPUSD,2019,7,04,08,0,1.25746,1.25813,1.25701,1.25779,4497.8398,TRADESIM,H1,
GBPUSD,2019,7,04,09,0,1.25778,1.25856,1.25773,1.25796,5088.5601,TRADESIM,H1,
GBPUSD,2019,7,04,10,0,1.25796,1.25801,1.25704,1.25710,6314.52,TRADESIM,H1,
GBPUSD,2019,7,04,11,0,1.25710,1.25812,1.25699,1.25751,7290.71,TRADESIM,H1,
GBPUSD,2019,7,04,12,0,1.25751,1.25838,1.25735,1.25812,4751.25,TRADESIM,H1,
GBPUSD,2019,7,04,13,0,1.25813,1.25873,1.25763,1.25824,3773.99,TRADESIM,H1,
GBPUSD,2019,7,04,14,0,1.25822,1.25837,1.25769,1.25819,10528.1699,TRADESIM,H1,
GBPUSD,2019,7,04,15,0,1.25819,1.25835,1.25765,1.25766,4491.8599,TRADESIM,H1,
GBPUSD,2019,7,04,16,0,1.25765,1.25813,1.25750,1.25761,4084.71,TRADESIM,H1,
GBPUSD,2019,7,04,17,0,1.25765,1.25820,1.25756,1.25759,3953.8,TRADESIM,H1,
GBPUSD,2019,7,04,18,0,1.25759,1.25771,1.25739,1.25756,1816.64,TRADESIM,H1,
GBPUSD,2019,7,04,19,0,1.25753,1.25826,1.25753,1.25803,1672.25,TRADESIM,H1,
GBPUSD,2019,7,04,20,0,1.25801,1.25830,1.25799,1.25825,1167.84,TRADESIM,H1,
GBPUSD,2019,7,04,21,0,1.25824,1.25825,1.25759,1.25761,1311.5601,TRADESIM,H1,
GBPUSD,2019,7,04,22,0,1.25761,1.25806,1.25748,1.25753,2214.0901,TRADESIM,H1,
GBPUSD,2019,7,04,23,0,1.25752,1.25818,1.25747,1.25816,2024.04,TRADESIM,H1,
GBPUSD,2019,7,05,00,0,1.25817,1.25829,1.25807,1.25808,1680.48,TRADESIM,H1,
GBPUSD,2019,7,05,01,0,1.25807,1.25842,1.25807,1.25823,1429.62,TRADESIM,H1,
GBPUSD,2019,7,05,02,0,1.25823,1.25824,1.25783,1.25796,2099.6201,TRADESIM,H1,
GBPUSD,2019,7,05,03,0,1.25795,1.25873,1.25741,1.25762,6475.5098,TRADESIM,H1,
GBPUSD,2019,7,05,04,0,1.25762,1.25810,1.25595,1.25601,6399.6899,TRADESIM,H1,
GBPUSD,2019,7,05,05,0,1.25601,1.25624,1.25493,1.25551,9201.6904,TRADESIM,H1,
GBPUSD,2019,7,05,06,0,1.25551,1.25593,1.25496,1.25508,6219.0601,TRADESIM,H1,
GBPUSD,2019,7,05,07,0,1.25508,1.25514,1.25396,1.25458,7002.5801,TRADESIM,H1,
GBPUSD,2019,7,05,08,0,1.25459,1.25601,1.25444,1.25500,7723.8301,TRADESIM,H1,
GBPUSD,2019,7,05,09,0,1.25500,1.25622,1.25170,1.25232,19932.5098,TRADESIM,H1,
GBPUSD,2019,7,05,10,0,1.25233,1.25254,1.24971,1.24982,15759.0898,TRADESIM,H1,
GBPUSD,2019,7,05,11,0,1.24984,1.25093,1.24808,1.25042,14051.9102,TRADESIM,H1,
GBPUSD,2019,7,05,12,0,1.25042,1.25115,1.24975,1.25049,9519.4199,TRADESIM,H1,
GBPUSD,2019,7,05,13,0,1.25048,1.25155,1.25045,1.25107,7243.0698,TRADESIM,H1,
GBPUSD,2019,7,05,14,0,1.25109,1.25199,1.25077,1.25178,8989.1602,TRADESIM,H1,
GBPUSD,2019,7,05,15,0,1.25177,1.25260,1.25176,1.25247,6917.9502,TRADESIM,H1,
GBPUSD,2019,7,05,16,0,1.25248,1.25307,1.25225,1.25248,5675.0298,TRADESIM,H1,
GBPUSD,2019,7,05,17,0,1.25248,1.25281,1.25209,1.25209,2746.0601,TRADESIM,H1,
GBPUSD,2019,7,05,18,0,1.25209,1.25209,1.25209,1.25209,0,TRADESIM,H1,
GBPUSD,2019,7,05,19,0,1.25209,1.25209,1.25209,1.25209,0,TRADESIM,H1,
GBPUSD,2019,7,05,20,0,1.25209,1.25209,1.25209,1.25209,0,TRADESIM,H1,
GBPUSD,2019,7,05,21,0,1.25209,1.25209,1.25209,1.25209,0,TRADESIM,H1,
GBPUSD,2019,7,05,22,0,1.25209,1.25209,1.25209,1.25209,0,TRADESIM,H1,
GBPUSD,2019,7,05,23,0,1.25209,1.25209,1.25209,1.25209,0,TRADESIM,H1,
GBPUSD,2019,7,06,00,0,1.25209,1.25209,1.25209,1.25209,0,TRADESIM,H1,
GBPUSD,2019,7,06,01,0,1.25209,1.25209,1.25209,1.25209,0,TRADESIM,H1,
GBPUSD,2019,7,06,02,0,1.25209,1.25209,1.25209,1.25209,0,TRADESIM,H1,
GBPUSD,2019,7,06,03,0,1.25209,1.25209,1.25209,1.25209,0,TRADESIM,H1,
GBPUSD,2019,7,06,04,0,1.25209,1.25209,1.25209,1.25209,0,TRADESIM,H1,
GBPUSD,2019,7,06,05,0,1.25209,1.25209,1.25209,1.25209,0,TRADESIM,H1,
GBPUSD,2019,7,06,06,0,1.25209,1.25209,1.25209,1.25209,0,TRADESIM,H1,
GBPUSD,2019,7,06,07,0,1.25209,1.25209,1.25209,1.25209,0,TRADESIM,H1,
GBPUSD,2019,7,06,08,0,1.25209,1.25209,1.25209,1.25209,0,TRADESIM,H1,
GBPUSD,2019,7,06,09,0,1.25209,1.25209,1.25209,1.25209,0,TRADESIM,H1,
GBPUSD,2019,7,06,10,0,1.25209,1.25209,1.25209,1.25209,0,TRADESIM,H1,
GBPUSD,2019,7,06,11,0,1.25209,1.25209,1.25209,1.25209,0,TRADESIM,H1,
GBPUSD,2019,7,06,12,0,1.25209,1.25209,1.25209,1.25209,0,TRADESIM,H1,
GBPUSD,2019,7,06,13,0,1.25209,1.25209,1.25209,1.25209,0,TRADESIM,H1,
GBPUSD,2019,7,06,14,0,1.25209,1.25209,1.25209,1.25209,0,TRADESIM,H1,
GBPUSD,2019,7,06,15,0,1.25209,1.25209,1.25209,1.25209,0,TRADESIM,H1,
GBPUSD,2019,7,06,16,0,1.25209,1.25209,1.25209,1.25209,0,TRADESIM,H1,
GBPUSD,2019,7,06,17,0,1.25209,1.25209,1.25209,1.25209,0,TRADESIM,H1,
GBPUSD,2019,7,06,18,0,1.25209,1.25209,1.25209,1.25209,0,TRADESIM,H1,
GBPUSD,2019,7,06,19,0,1.25209,1.25209,1.25209,1.25209,0,TRADESIM,H1,
GBPUSD,2019,7,06,20,0,1.25209,1.25209,1.25209,1.25209,0,TRADESIM,H1,
GBPUSD,2019,7,06,21,0,1.25209,1.25209,1.25209,1.25209,0,TRADESIM,H1,
GBPUSD,2019,7,06,22,0,1.25209,1.25209,1.25209,1.25209,0,TRADESIM,H1,
GBPUSD,2019,7,06,23,0,1.25209,1.25209,1.25209,1.25209,0,TRADESIM,H1,
GBPUSD,2019,7,07,00,0,1.25209,1.25209,1.25209,1.25209,0,TRADESIM,H1,
GBPUSD,2019,7,07,01,0,1.25209,1.25209,1.25209,1.25209,0,TRADESIM,H1,
GBPUSD,2019,7,07,02,0,1.25209,1.25209,1.25209,1.25209,0,TRADESIM,H1,
GBPUSD,2019,7,07,03,0,1.25209,1.25209,1.25209,1.25209,0,TRADESIM,H1,
GBPUSD,2019,7,07,04,0,1.25209,1.25209,1.25209,1.25209,0,TRADESIM,H1,
GBPUSD,2019,7,07,05,0,1.25209,1.25209,1.25209,1.25209,0,TRADESIM,H1,
GBPUSD,2019,7,07,06,0,1.25209,1.25209,1.25209,1.25209,0,TRADESIM,H1,
GBPUSD,2019,7,07,07,0,1.25209,1.25209,1.25209,1.25209,0,TRADESIM,H1,
GBPUSD,2019,7,07,08,0,1.25209,1.25209,1.25209,1.25209,0,TRADESIM,H1,
GBPUSD,2019,7,07,09,0,1.25209,1.25209,1.25209,1.25209,0,TRADESIM,H1,
GBPUSD,2019,7,07,10,0,1.25209,1.25209,1.25209,1.25209,0,TRADESIM,H1,
GBPUSD,2019,7,07,11,0,1.25209,1.25209,1.25209,1.25209,0,TRADESIM,H1,
GBPUSD,2019,7,07,12,0,1.25209,1.25209,1.25209,1.25209,0,TRADESIM,H1,
GBPUSD,2019,7,07,13,0,1.25209,1.25209,1.25209,1.25209,0,TRADESIM,H1,
GBPUSD,2019,7,07,14,0,1.25209,1.25209,1.25209,1.25209,0,TRADESIM,H1,
GBPUSD,2019,7,07,15,0,1.25209,1.25209,1.25209,1.25209,0,TRADESIM,H1,
GBPUSD,2019,7,07,16,0,1.25209,1.25209,1.25209,1.25209,0,TRADESIM,H1,
GBPUSD,2019,7,07,17,0,1.25209,1.25209,1.25209,1.25209,0,TRADESIM,H1,
GBPUSD,2019,7,07,18,0,1.25251,1.25286,1.25248,1.25269,392.84,TRADESIM,H1,
GBPUSD,2019,7,07,19,0,1.25270,1.25291,1.25238,1.25269,2290.28,TRADESIM,H1,
GBPUSD,2019,7,07,20,0,1.25267,1.25268,1.25229,1.25239,1263.47,TRADESIM,H1,
GBPUSD,2019,7,07,21,0,1.25238,1.25306,1.25228,1.25252,2735.29,TRADESIM,H1,
GBPUSD,2019,7,07,22,0,1.25255,1.25286,1.25235,1.25255,3295.3101,TRADESIM,H1,
GBPUSD,2019,7,07,23,0,1.25255,1.25258,1.25205,1.25217,1823.54,TRADESIM,H1,
GBPUSD,2019,7,08,00,0,1.25217,1.25255,1.25212,1.25214,1063.72,TRADESIM,H1,
GBPUSD,2019,7,08,01,0,1.25213,1.25299,1.25202,1.25299,1783.48,TRADESIM,H1,
GBPUSD,2019,7,08,02,0,1.25297,1.25329,1.25275,1.25304,2137.74,TRADESIM,H1,
GBPUSD,2019,7,08,03,0,1.25303,1.25318,1.25188,1.25204,8463.0801,TRADESIM,H1,
GBPUSD,2019,7,08,04,0,1.25203,1.25246,1.25114,1.25232,7774.25,TRADESIM,H1,
GBPUSD,2019,7,08,05,0,1.25233,1.25389,1.25216,1.25328,6158.3101,TRADESIM,H1,
GBPUSD,2019,7,08,06,0,1.25328,1.25381,1.25279,1.25366,7231.8398,TRADESIM,H1,
GBPUSD,2019,7,08,07,0,1.25366,1.25396,1.25221,1.25234,5903.6699,TRADESIM,H1,
GBPUSD,2019,7,08,08,0,1.25236,1.25268,1.25130,1.25133,5989.54,TRADESIM,H1,
GBPUSD,2019,7,08,09,0,1.25133,1.25285,1.25070,1.25238,10618.2305,TRADESIM,H1,
GBPUSD,2019,7,08,10,0,1.25238,1.25270,1.24997,1.25051,9504.0195,TRADESIM,H1,
GBPUSD,2019,7,08,11,0,1.25052,1.25148,1.25045,1.25140,7284.0098,TRADESIM,H1,
GBPUSD,2019,7,08,12,0,1.25137,1.25182,1.25003,1.25020,6505.6802,TRADESIM,H1,
GBPUSD,2019,7,08,13,0,1.25018,1.25185,1.24996,1.25166,4958.5098,TRADESIM,H1,
GBPUSD,2019,7,08,14,0,1.25167,1.25210,1.25146,1.25183,4308.8101,TRADESIM,H1,
GBPUSD,2019,7,08,15,0,1.25183,1.25200,1.25128,1.25128,3163.0901,TRADESIM,H1,
GBPUSD,2019,7,08,16,0,1.25129,1.25143,1.25081,1.25090,2717.3101,TRADESIM,H1,
GBPUSD,2019,7,08,17,0,1.25086,1.25172,1.25083,1.25103,1487.88,TRADESIM,H1,
GBPUSD,2019,7,08,18,0,1.25103,1.25222,1.25102,1.25161,2073.75,TRADESIM,H1,
GBPUSD,2019,7,08,19,0,1.25159,1.25187,1.25146,1.25176,875.85,TRADESIM,H1,
GBPUSD,2019,7,08,20,0,1.25176,1.25180,1.25138,1.25151,886.68,TRADESIM,H1,
GBPUSD,2019,7,08,21,0,1.25144,1.25181,1.25130,1.25143,1470.17,TRADESIM,H1,
GBPUSD,2019,7,08,22,0,1.25143,1.25166,1.25103,1.25125,1720.77,TRADESIM,H1,
GBPUSD,2019,7,08,23,0,1.25126,1.25150,1.25075,1.25087,1104,TRADESIM,H1,
GBPUSD,2019,7,09,00,0,1.25087,1.25118,1.25064,1.25095,1117.28,TRADESIM,H1,
GBPUSD,2019,7,09,01,0,1.25094,1.25125,1.25054,1.25119,2234.79,TRADESIM,H1,
GBPUSD,2019,7,09,02,0,1.25120,1.25120,1.25074,1.25077,963.87,TRADESIM,H1,
GBPUSD,2019,7,09,03,0,1.25077,1.25082,1.24818,1.24839,6770.8198,TRADESIM,H1,
GBPUSD,2019,7,09,04,0,1.24840,1.24929,1.24781,1.24805,10004.3604,TRADESIM,H1,
GBPUSD,2019,7,09,05,0,1.24807,1.24835,1.24577,1.24698,10254.7998,TRADESIM,H1,
GBPUSD,2019,7,09,06,0,1.24699,1.24718,1.24554,1.24619,7512.0698,TRADESIM,H1,
GBPUSD,2019,7,09,07,0,1.24620,1.24702,1.24564,1.24651,6500.7202,TRADESIM,H1,
GBPUSD,2019,7,09,08,0,1.24653,1.24655,1.24393,1.24525,9108.1602,TRADESIM,H1,
GBPUSD,2019,7,09,09,0,1.24523,1.24598,1.24428,1.24500,10521,TRADESIM,H1,
GBPUSD,2019,7,09,10,0,1.24499,1.24770,1.24477,1.24707,11851.0801,TRADESIM,H1,
GBPUSD,2019,7,09,11,0,1.24708,1.24745,1.24537,1.24649,9613.96,TRADESIM,H1,
GBPUSD,2019,7,09,12,0,1.24650,1.24730,1.24554,1.24617,8269.7305,TRADESIM,H1,
GBPUSD,2019,7,09,13,0,1.24618,1.24682,1.24458,1.24670,7491.6201,TRADESIM,H1,
GBPUSD,2019,7,09,14,0,1.24672,1.24739,1.24620,1.24657,6665.79,TRADESIM,H1,
GBPUSD,2019,7,09,15,0,1.24656,1.24761,1.24619,1.24660,4775.8101,TRADESIM,H1,
GBPUSD,2019,7,09,16,0,1.24657,1.24691,1.24620,1.24628,3662.4399,TRADESIM,H1,
GBPUSD,2019,7,09,17,0,1.24625,1.24647,1.24584,1.24584,1655.49,TRADESIM,H1,
GBPUSD,2019,7,09,18,0,1.24579,1.24646,1.24548,1.24620,2610.3501,TRADESIM,H1,
GBPUSD,2019,7,09,19,0,1.24626,1.24649,1.24590,1.24602,766.36,TRADESIM,H1,
GBPUSD,2019,7,09,20,0,1.24601,1.24621,1.24572,1.24573,909.52,TRADESIM,H1,
GBPUSD,2019,7,09,21,0,1.24572,1.24590,1.24529,1.24572,2192,TRADESIM,H1,
GBPUSD,2019,7,09,22,0,1.24571,1.24579,1.24500,1.24534,2043.03,TRADESIM,H1,
GBPUSD,2019,7,09,23,0,1.24534,1.24567,1.24504,1.24542,2544.6799,TRADESIM,H1,
GBPUSD,2019,7,10,00,0,1.24539,1.24567,1.24519,1.24520,2790.6799,TRADESIM,H1,
GBPUSD,2019,7,10,01,0,1.24518,1.24544,1.24501,1.24542,1778.45,TRADESIM,H1,
GBPUSD,2019,7,10,02,0,1.24543,1.24615,1.24530,1.24555,2215.6399,TRADESIM,H1,
GBPUSD,2019,7,10,03,0,1.24556,1.24570,1.24435,1.24522,7059.7402,TRADESIM,H1,
GBPUSD,2019,7,10,04,0,1.24522,1.24589,1.24494,1.24580,9285.6104,TRADESIM,H1,
GBPUSD,2019,7,10,05,0,1.24578,1.24829,1.24575,1.24800,13532.3799,TRADESIM,H1,
GBPUSD,2019,7,10,06,0,1.24797,1.24947,1.24759,1.24839,10322.5898,TRADESIM,H1,
GBPUSD,2019,7,10,07,0,1.24839,1.24879,1.24675,1.24698,7032.4902,TRADESIM,H1,
GBPUSD,2019,7,10,08,0,1.24699,1.24739,1.24617,1.24711,7182.1802,TRADESIM,H1,
GBPUSD,2019,7,10,09,0,1.24712,1.25206,1.24701,1.25156,16677.9297,TRADESIM,H1,
GBPUSD,2019,7,10,10,0,1.25156,1.25205,1.24996,1.25030,11910.0195,TRADESIM,H1,
GBPUSD,2019,7,10,11,0,1.25030,1.25143,1.24900,1.24965,13961.0098,TRADESIM,H1,
GBPUSD,2019,7,10,12,0,1.24963,1.25115,1.24907,1.25061,11949.1904,TRADESIM,H1,
GBPUSD,2019,7,10,13,0,1.25061,1.25157,1.24990,1.25130,8667.2598,TRADESIM,H1,
GBPUSD,2019,7,10,14,0,1.25129,1.25175,1.24990,1.25043,8829.25,TRADESIM,H1,
GBPUSD,2019,7,10,15,0,1.25044,1.25137,1.25009,1.25058,7218.8101,TRADESIM,H1,
GBPUSD,2019,7,10,16,0,1.25061,1.25125,1.25024,1.25035,5310.04,TRADESIM,H1,
GBPUSD,2019,7,10,17,0,1.25035,1.25074,1.24992,1.25014,1858.83,TRADESIM,H1,
GBPUSD,2019,7,10,18,0,1.24963,1.25074,1.24928,1.25072,1927.74,TRADESIM,H1,
GBPUSD,2019,7,10,19,0,1.25073,1.25102,1.25067,1.25098,1203.75,TRADESIM,H1,
GBPUSD,2019,7,10,20,0,1.25098,1.25099,1.25055,1.25056,995.87,TRADESIM,H1,
GBPUSD,2019,7,10,21,0,1.25056,1.25141,1.25051,1.25096,4415.5801,TRADESIM,H1,
GBPUSD,2019,7,10,22,0,1.25097,1.25120,1.25049,1.25083,3775.8999,TRADESIM,H1,
GBPUSD,2019,7,10,23,0,1.25083,1.25245,1.25062,1.25228,6147.9199,TRADESIM,H1,
GBPUSD,2019,7,11,00,0,1.25226,1.25385,1.25214,1.25341,4168.5098,TRADESIM,H1,
GBPUSD,2019,7,11,01,0,1.25341,1.25353,1.25301,1.25349,2970.8101,TRADESIM,H1,
GBPUSD,2019,7,11,02,0,1.25349,1.25369,1.25289,1.25292,4134.4199,TRADESIM,H1,
GBPUSD,2019,7,11,03,0,1.25292,1.25304,1.25231,1.25261,4707.5698,TRADESIM,H1,
GBPUSD,2019,7,11,04,0,1.25264,1.25402,1.25234,1.25376,7318.6401,TRADESIM,H1,
GBPUSD,2019,7,11,05,0,1.25376,1.25404,1.25316,1.25340,7087.4199,TRADESIM,H1,
GBPUSD,2019,7,11,06,0,1.25341,1.25428,1.25305,1.25358,6822.8901,TRADESIM,H1,
GBPUSD,2019,7,11,07,0,1.25359,1.25644,1.25336,1.25600,10716.9805,TRADESIM,H1,
GBPUSD,2019,7,11,08,0,1.25599,1.25713,1.25539,1.25549,10041.6797,TRADESIM,H1,
GBPUSD,2019,7,11,09,0,1.25548,1.25696,1.25455,1.25620,18232.9805,TRADESIM,H1,
GBPUSD,2019,7,11,10,0,1.25621,1.25706,1.25408,1.25476,11972.21,TRADESIM,H1,
GBPUSD,2019,7,11,11,0,1.25476,1.25493,1.25271,1.25363,10648.8496,TRADESIM,H1,
GBPUSD,2019,7,11,12,0,1.25363,1.25572,1.25320,1.25480,9372.3301,TRADESIM,H1,
GBPUSD,2019,7,11,13,0,1.25479,1.25483,1.25121,1.25199,11109.3496,TRADESIM,H1,
GBPUSD,2019,7,11,14,0,1.25199,1.25221,1.25087,1.25189,11238.8896,TRADESIM,H1,
GBPUSD,2019,7,11,15,0,1.25186,1.25272,1.25166,1.25257,7489.2798,TRADESIM,H1,
GBPUSD,2019,7,11,16,0,1.25257,1.25266,1.25195,1.25266,5742.9399,TRADESIM,H1,
GBPUSD,2019,7,11,17,0,1.25266,1.25266,1.25198,1.25198,1623.6801,TRADESIM,H1,
GBPUSD,2019,7,11,18,0,1.25198,1.25296,1.25145,1.25246,3200.98,TRADESIM,H1,
GBPUSD,2019,7,11,19,0,1.25243,1.25291,1.25235,1.25280,1852.72,TRADESIM,H1,
GBPUSD,2019,7,11,20,0,1.25281,1.25285,1.25202,1.25202,2334.3301,TRADESIM,H1,
GBPUSD,2019,7,11,21,0,1.25206,1.25331,1.25199,1.25306,3517.3899,TRADESIM,H1,
GBPUSD,2019,7,11,22,0,1.25306,1.25388,1.25305,1.25380,4129.6099,TRADESIM,H1,
GBPUSD,2019,7,11,23,0,1.25381,1.25412,1.25327,1.25356,3631.1001,TRADESIM,H1,
GBPUSD,2019,7,12,00,0,1.25355,1.25440,1.25355,1.25440,3532.98,TRADESIM,H1,
GBPUSD,2019,7,12,01,0,1.25442,1.25443,1.25388,1.25420,3118.78,TRADESIM,H1,
GBPUSD,2019,7,12,02,0,1.25420,1.25482,1.25405,1.25453,3441.6201,TRADESIM,H1,
GBPUSD,2019,7,12,03,0,1.25452,1.25491,1.25369,1.25480,5211.8198,TRADESIM,H1,
GBPUSD,2019,7,12,04,0,1.25482,1.25536,1.25310,1.25359,10038.2803,TRADESIM,H1,
GBPUSD,2019,7,12,05,0,1.25360,1.25469,1.25323,1.25399,9427.5898,TRADESIM,H1,
GBPUSD,2019,7,12,06,0,1.25403,1.25420,1.25209,1.25331,9975.9404,TRADESIM,H1,
GBPUSD,2019,7,12,07,0,1.25331,1.25405,1.25218,1.25309,6563.8701,TRADESIM,H1,
GBPUSD,2019,7,12,08,0,1.25309,1.25378,1.25237,1.25339,7570.4702,TRADESIM,H1,
GBPUSD,2019,7,12,09,0,1.25338,1.25441,1.25287,1.25381,15283.8896,TRADESIM,H1,
GBPUSD,2019,7,12,10,0,1.25379,1.25525,1.25347,1.25464,10733.3604,TRADESIM,H1,
GBPUSD,2019,7,12,11,0,1.25465,1.25623,1.25395,1.25589,9844.4004,TRADESIM,H1,
GBPUSD,2019,7,12,12,0,1.25589,1.25622,1.25500,1.25523,10104.4502,TRADESIM,H1,
GBPUSD,2019,7,12,13,0,1.25523,1.25696,1.25514,1.25664,8068.9902,TRADESIM,H1,
GBPUSD,2019,7,12,14,0,1.25663,1.25693,1.25578,1.25631,8595.9102,TRADESIM,H1,
GBPUSD,2019,7,12,15,0,1.25631,1.25756,1.25619,1.25714,6089.7002,TRADESIM,H1,
GBPUSD,2019,7,12,16,0,1.25714,1.25734,1.25675,1.25713,5238.0298,TRADESIM,H1,
GBPUSD,2019,7,12,17,0,1.25714,1.25786,1.25705,1.25705,2026.5,TRADESIM,H1,
GBPUSD,2019,7,12,18,0,1.25705,1.25705,1.25705,1.25705,0,TRADESIM,H1,
GBPUSD,2019,7,12,19,0,1.25705,1.25705,1.25705,1.25705,0,TRADESIM,H1,
GBPUSD,2019,7,12,20,0,1.25705,1.25705,1.25705,1.25705,0,TRADESIM,H1,
GBPUSD,2019,7,12,21,0,1.25705,1.25705,1.25705,1.25705,0,TRADESIM,H1,
GBPUSD,2019,7,12,22,0,1.25705,1.25705,1.25705,1.25705,0,TRADESIM,H1,
GBPUSD,2019,7,12,23,0,1.25705,1.25705,1.25705,1.25705,0,TRADESIM,H1,
GBPUSD,2019,7,13,00,0,1.25705,1.25705,1.25705,1.25705,0,TRADESIM,H1,
GBPUSD,2019,7,13,01,0,1.25705,1.25705,1.25705,1.25705,0,TRADESIM,H1,
GBPUSD,2019,7,13,02,0,1.25705,1.25705,1.25705,1.25705,0,TRADESIM,H1,
GBPUSD,2019,7,13,03,0,1.25705,1.25705,1.25705,1.25705,0,TRADESIM,H1,
GBPUSD,2019,7,13,04,0,1.25705,1.25705,1.25705,1.25705,0,TRADESIM,H1,
GBPUSD,2019,7,13,05,0,1.25705,1.25705,1.25705,1.25705,0,TRADESIM,H1,
GBPUSD,2019,7,13,06,0,1.25705,1.25705,1.25705,1.25705,0,TRADESIM,H1,
GBPUSD,2019,7,13,07,0,1.25705,1.25705,1.25705,1.25705,0,TRADESIM,H1,
GBPUSD,2019,7,13,08,0,1.25705,1.25705,1.25705,1.25705,0,TRADESIM,H1,
GBPUSD,2019,7,13,09,0,1.25705,1.25705,1.25705,1.25705,0,TRADESIM,H1,
GBPUSD,2019,7,13,10,0,1.25705,1.25705,1.25705,1.25705,0,TRADESIM,H1,
GBPUSD,2019,7,13,11,0,1.25705,1.25705,1.25705,1.25705,0,TRADESIM,H1,
GBPUSD,2019,7,13,12,0,1.25705,1.25705,1.25705,1.25705,0,TRADESIM,H1,
GBPUSD,2019,7,13,13,0,1.25705,1.25705,1.25705,1.25705,0,TRADESIM,H1,
GBPUSD,2019,7,13,14,0,1.25705,1.25705,1.25705,1.25705,0,TRADESIM,H1,
GBPUSD,2019,7,13,15,0,1.25705,1.25705,1.25705,1.25705,0,TRADESIM,H1,
GBPUSD,2019,7,13,16,0,1.25705,1.25705,1.25705,1.25705,0,TRADESIM,H1,
GBPUSD,2019,7,13,17,0,1.25705,1.25705,1.25705,1.25705,0,TRADESIM,H1,
GBPUSD,2019,7,13,18,0,1.25705,1.25705,1.25705,1.25705,0,TRADESIM,H1,
GBPUSD,2019,7,13,19,0,1.25705,1.25705,1.25705,1.25705,0,TRADESIM,H1,
GBPUSD,2019,7,13,20,0,1.25705,1.25705,1.25705,1.25705,0,TRADESIM,H1,
GBPUSD,2019,7,13,21,0,1.25705,1.25705,1.25705,1.25705,0,TRADESIM,H1,
GBPUSD,2019,7,13,22,0,1.25705,1.25705,1.25705,1.25705,0,TRADESIM,H1,
GBPUSD,2019,7,13,23,0,1.25705,1.25705,1.25705,1.25705,0,TRADESIM,H1,
GBPUSD,2019,7,14,00,0,1.25705,1.25705,1.25705,1.25705,0,TRADESIM,H1,
GBPUSD,2019,7,14,01,0,1.25705,1.25705,1.25705,1.25705,0,TRADESIM,H1,
GBPUSD,2019,7,14,02,0,1.25705,1.25705,1.25705,1.25705,0,TRADESIM,H1,
GBPUSD,2019,7,14,03,0,1.25705,1.25705,1.25705,1.25705,0,TRADESIM,H1,
GBPUSD,2019,7,14,04,0,1.25705,1.25705,1.25705,1.25705,0,TRADESIM,H1,
GBPUSD,2019,7,14,05,0,1.25705,1.25705,1.25705,1.25705,0,TRADESIM,H1,
GBPUSD,2019,7,14,06,0,1.25705,1.25705,1.25705,1.25705,0,TRADESIM,H1,
GBPUSD,2019,7,14,07,0,1.25705,1.25705,1.25705,1.25705,0,TRADESIM,H1,
GBPUSD,2019,7,14,08,0,1.25705,1.25705,1.25705,1.25705,0,TRADESIM,H1,
GBPUSD,2019,7,14,09,0,1.25705,1.25705,1.25705,1.25705,0,TRADESIM,H1,
GBPUSD,2019,7,14,10,0,1.25705,1.25705,1.25705,1.25705,0,TRADESIM,H1,
GBPUSD,2019,7,14,11,0,1.25705,1.25705,1.25705,1.25705,0,TRADESIM,H1,
GBPUSD,2019,7,14,12,0,1.25705,1.25705,1.25705,1.25705,0,TRADESIM,H1,
GBPUSD,2019,7,14,13,0,1.25705,1.25705,1.25705,1.25705,0,TRADESIM,H1,
GBPUSD,2019,7,14,14,0,1.25705,1.25705,1.25705,1.25705,0,TRADESIM,H1,
GBPUSD,2019,7,14,15,0,1.25705,1.25705,1.25705,1.25705,0,TRADESIM,H1,
GBPUSD,2019,7,14,16,0,1.25705,1.25705,1.25705,1.25705,0,TRADESIM,H1,
GBPUSD,2019,7,14,17,0,1.25705,1.25705,1.25705,1.25705,0,TRADESIM,H1,
GBPUSD,2019,7,14,18,0,1.25515,1.25738,1.25397,1.25718,3365.0701,TRADESIM,H1,
GBPUSD,2019,7,14,19,0,1.25714,1.25781,1.25711,1.25734,2142.51,TRADESIM,H1,
GBPUSD,2019,7,14,20,0,1.25735,1.25735,1.25686,1.25704,2007.63,TRADESIM,H1,
GBPUSD,2019,7,14,21,0,1.25705,1.25721,1.25663,1.25684,1575.09,TRADESIM,H1,
GBPUSD,2019,7,14,22,0,1.25684,1.25684,1.25584,1.25635,2783.5,TRADESIM,H1,
GBPUSD,2019,7,14,23,0,1.25637,1.25687,1.25585,1.25677,3688.72,TRADESIM,H1,
GBPUSD,2019,7,15,00,0,1.25675,1.25692,1.25615,1.25688,3090.1699,TRADESIM,H1,
GBPUSD,2019,7,15,01,0,1.25687,1.25706,1.25628,1.25664,2107.2,TRADESIM,H1,
GBPUSD,2019,7,15,02,0,1.25664,1.25737,1.25645,1.25725,2000.01,TRADESIM,H1,
GBPUSD,2019,7,15,03,0,1.25725,1.25732,1.25637,1.25714,4270.6001,TRADESIM,H1,
GBPUSD,2019,7,15,04,0,1.25718,1.25759,1.25590,1.25611,6437.21,TRADESIM,H1,
GBPUSD,2019,7,15,05,0,1.25611,1.25614,1.25507,1.25518,5742.75,TRADESIM,H1,
GBPUSD,2019,7,15,06,0,1.25518,1.25628,1.25469,1.25607,4045.7,TRADESIM,H1,
GBPUSD,2019,7,15,07,0,1.25607,1.25653,1.25444,1.25455,4444.5898,TRADESIM,H1,
GBPUSD,2019,7,15,08,0,1.25455,1.25519,1.25339,1.25387,5609.8799,TRADESIM,H1,
GBPUSD,2019,7,15,09,0,1.25389,1.25421,1.25234,1.25313,7711.8301,TRADESIM,H1,
GBPUSD,2019,7,15,10,0,1.25313,1.25389,1.25240,1.25358,7534.71,TRADESIM,H1,
GBPUSD,2019,7,15,11,0,1.25358,1.25371,1.25099,1.25159,8619.75,TRADESIM,H1,
GBPUSD,2019,7,15,12,0,1.25159,1.25232,1.25100,1.25218,8568.1602,TRADESIM,H1,
GBPUSD,2019,7,15,13,0,1.25218,1.25239,1.25107,1.25112,4998.6699,TRADESIM,H1,
GBPUSD,2019,7,15,14,0,1.25112,1.25169,1.25100,1.25156,3695.8501,TRADESIM,H1,
GBPUSD,2019,7,15,15,0,1.25156,1.25206,1.25134,1.25197,3532.3999,TRADESIM,H1,
GBPUSD,2019,7,15,16,0,1.25197,1.25197,1.25134,1.25167,4265.0898,TRADESIM,H1,
GBPUSD,2019,7,15,17,0,1.25171,1.25179,1.25146,1.25146,1013.39,TRADESIM,H1,
GBPUSD,2019,7,15,18,0,1.25161,1.25174,1.25099,1.25150,1473.03,TRADESIM,H1,
GBPUSD,2019,7,15,19,0,1.25150,1.25200,1.25140,1.25180,1088.83,TRADESIM,H1,
GBPUSD,2019,7,15,20,0,1.25188,1.25192,1.25158,1.25158,1326.9399,TRADESIM,H1,
GBPUSD,2019,7,15,21,0,1.25160,1.25192,1.25101,1.25146,3103.72,TRADESIM,H1,
GBPUSD,2019,7,15,22,0,1.25147,1.25151,1.25067,1.25126,4089.1599,TRADESIM,H1,
GBPUSD,2019,7,15,23,0,1.25126,1.25157,1.25101,1.25150,2295.27,TRADESIM,H1,
GBPUSD,2019,7,16,00,0,1.25151,1.25175,1.25133,1.25140,2704.8501,TRADESIM,H1,
GBPUSD,2019,7,16,01,0,1.25140,1.25159,1.25122,1.25156,2383.1799,TRADESIM,H1,
GBPUSD,2019,7,16,02,0,1.25157,1.25158,1.25101,1.25104,2542.6499,TRADESIM,H1,
GBPUSD,2019,7,16,03,0,1.25106,1.25177,1.24924,1.24953,6601.5698,TRADESIM,H1,
GBPUSD,2019,7,16,04,0,1.24955,1.25015,1.24671,1.24688,8033.3799,TRADESIM,H1,
GBPUSD,2019,7,16,05,0,1.24688,1.24734,1.24553,1.24673,11608.3799,TRADESIM,H1,
GBPUSD,2019,7,16,06,0,1.24676,1.24707,1.24485,1.24489,8522,TRADESIM,H1,
GBPUSD,2019,7,16,07,0,1.24489,1.24563,1.24076,1.24188,10243.5898,TRADESIM,H1,
GBPUSD,2019,7,16,08,0,1.24189,1.24351,1.24146,1.24292,8519.4102,TRADESIM,H1,
GBPUSD,2019,7,16,09,0,1.24294,1.24381,1.24154,1.24262,12072.7695,TRADESIM,H1,
GBPUSD,2019,7,16,10,0,1.24259,1.24271,1.24168,1.24223,10584.6104,TRADESIM,H1,
GBPUSD,2019,7,16,11,0,1.24226,1.24308,1.23959,1.24178,12496.8701,TRADESIM,H1,
GBPUSD,2019,7,16,12,0,1.24178,1.24178,1.24026,1.24067,9232.5,TRADESIM,H1,
GBPUSD,2019,7,16,13,0,1.24067,1.24216,1.24010,1.24171,10760.6602,TRADESIM,H1,
GBPUSD,2019,7,16,14,0,1.24172,1.24260,1.24008,1.24088,9786.7402,TRADESIM,H1,
GBPUSD,2019,7,16,15,0,1.24087,1.24130,1.23998,1.24057,7059.4102,TRADESIM,H1,
GBPUSD,2019,7,16,16,0,1.24056,1.24106,1.24019,1.24057,8140.77,TRADESIM,H1,
GBPUSD,2019,7,16,17,0,1.24059,1.24096,1.24042,1.24056,2139.71,TRADESIM,H1,
GBPUSD,2019,7,16,18,0,1.24043,1.24137,1.24022,1.24035,4112.5098,TRADESIM,H1,
GBPUSD,2019,7,16,19,0,1.24035,1.24118,1.24035,1.24091,821.12,TRADESIM,H1,
GBPUSD,2019,7,16,20,0,1.24089,1.24119,1.24084,1.24093,2169.53,TRADESIM,H1,
GBPUSD,2019,7,16,21,0,1.24093,1.24093,1.24052,1.24079,3666.3999,TRADESIM,H1,
GBPUSD,2019,7,16,22,0,1.24079,1.24142,1.24079,1.24133,4284.7402,TRADESIM,H1,
GBPUSD,2019,7,16,23,0,1.24131,1.24148,1.24059,1.24092,2308.6299,TRADESIM,H1,
GBPUSD,2019,7,17,00,0,1.24091,1.24161,1.24090,1.24145,2343.4299,TRADESIM,H1,
GBPUSD,2019,7,17,01,0,1.24146,1.24198,1.24132,1.24196,2915.6799,TRADESIM,H1,
GBPUSD,2019,7,17,02,0,1.24196,1.24197,1.24143,1.24169,2581.1299,TRADESIM,H1,
GBPUSD,2019,7,17,03,0,1.24171,1.24173,1.23816,1.23840,7637.5098,TRADESIM,H1,
GBPUSD,2019,7,17,04,0,1.23843,1.24057,1.23838,1.24024,9133.4697,TRADESIM,H1,
GBPUSD,2019,7,17,05,0,1.24024,1.24159,1.23938,1.24019,8795.7998,TRADESIM,H1,
GBPUSD,2019,7,17,06,0,1.24018,1.24096,1.23950,1.24021,6884.6099,TRADESIM,H1,
GBPUSD,2019,7,17,07,0,1.24020,1.24083,1.23961,1.24044,6550.73,TRADESIM,H1,
GBPUSD,2019,7,17,08,0,1.24045,1.24136,1.24037,1.24120,4803.0098,TRADESIM,H1,
GBPUSD,2019,7,17,09,0,1.24120,1.24163,1.24040,1.24074,7303.1401,TRADESIM,H1,
GBPUSD,2019,7,17,10,0,1.24074,1.24244,1.24043,1.24212,8707.5498,TRADESIM,H1,
GBPUSD,2019,7,17,11,0,1.24212,1.24382,1.24177,1.24280,8958.8896,TRADESIM,H1,
GBPUSD,2019,7,17,12,0,1.24279,1.24384,1.24247,1.24344,10179.9004,TRADESIM,H1,
GBPUSD,2019,7,17,13,0,1.24344,1.24562,1.24341,1.24483,10501.7803,TRADESIM,H1,
GBPUSD,2019,7,17,14,0,1.24483,1.24501,1.24367,1.24398,6177.4902,TRADESIM,H1,
GBPUSD,2019,7,17,15,0,1.24398,1.24442,1.24315,1.24373,7939.98,TRADESIM,H1,
GBPUSD,2019,7,17,16,0,1.24373,1.24380,1.24237,1.24345,6815.8101,TRADESIM,H1,
GBPUSD,2019,7,17,17,0,1.24345,1.24359,1.24273,1.24307,2537.6299,TRADESIM,H1,
GBPUSD,2019,7,17,18,0,1.24305,1.24376,1.24261,1.24329,2984.02,TRADESIM,H1,
GBPUSD,2019,7,17,19,0,1.24329,1.24355,1.24313,1.24322,2298.78,TRADESIM,H1,
GBPUSD,2019,7,17,20,0,1.24322,1.24339,1.24314,1.24335,1081.63,TRADESIM,H1,
GBPUSD,2019,7,17,21,0,1.24335,1.24347,1.24276,1.24330,2538.53,TRADESIM,H1,
GBPUSD,2019,7,17,22,0,1.24333,1.24370,1.24316,1.24355,4998.6699,TRADESIM,H1,
GBPUSD,2019,7,17,23,0,1.24356,1.24415,1.24339,1.24400,2859.53,TRADESIM,H1,
GBPUSD,2019,7,18,00,0,1.24396,1.24409,1.24374,1.24378,2281.6799,TRADESIM,H1,
GBPUSD,2019,7,18,01,0,1.24378,1.24392,1.24356,1.24379,2181,TRADESIM,H1,
GBPUSD,2019,7,18,02,0,1.24379,1.24411,1.24348,1.24375,4329.8799,TRADESIM,H1,
GBPUSD,2019,7,18,03,0,1.24375,1.24475,1.24317,1.24379,4561.4302,TRADESIM,H1,
GBPUSD,2019,7,18,04,0,1.24379,1.24718,1.24349,1.24656,10704.4902,TRADESIM,H1,
GBPUSD,2019,7,18,05,0,1.24657,1.24843,1.24617,1.24796,9935.6396,TRADESIM,H1,
GBPUSD,2019,7,18,06,0,1.24797,1.24858,1.24604,1.24669,6392.96,TRADESIM,H1,
GBPUSD,2019,7,18,07,0,1.24669,1.24843,1.24664,1.24780,11096.79,TRADESIM,H1,
GBPUSD,2019,7,18,08,0,1.24779,1.24942,1.24694,1.24873,9211.6299,TRADESIM,H1,
GBPUSD,2019,7,18,09,0,1.24872,1.24903,1.24698,1.24757,13258.2998,TRADESIM,H1,
GBPUSD,2019,7,18,10,0,1.24758,1.24799,1.24650,1.24774,8989.5098,TRADESIM,H1,
GBPUSD,2019,7,18,11,0,1.24776,1.24881,1.24741,1.24822,8464.7402,TRADESIM,H1,
GBPUSD,2019,7,18,12,0,1.24823,1.24934,1.24808,1.24934,6444.2598,TRADESIM,H1,
GBPUSD,2019,7,18,13,0,1.24933,1.24973,1.24779,1.24786,5698.2598,TRADESIM,H1,
GBPUSD,2019,7,18,14,0,1.24786,1.24909,1.24760,1.24904,4299.7402,TRADESIM,H1,
GBPUSD,2019,7,18,15,0,1.24904,1.25439,1.24896,1.25427,13102.3496,TRADESIM,H1,
GBPUSD,2019,7,18,16,0,1.25427,1.25581,1.25331,1.25541,13046.4902,TRADESIM,H1,
GBPUSD,2019,7,18,17,0,1.25538,1.25551,1.25430,1.25430,2208.6699,TRADESIM,H1,
GBPUSD,2019,7,18,18,0,1.25423,1.25501,1.25413,1.25457,1421.25,TRADESIM,H1,
GBPUSD,2019,7,18,19,0,1.25457,1.25561,1.25210,1.25293,5727.6299,TRADESIM,H1,
GBPUSD,2019,7,18,20,0,1.25292,1.25440,1.25292,1.25422,2390.05,TRADESIM,H1,
GBPUSD,2019,7,18,21,0,1.25423,1.25537,1.25406,1.25475,4737.6802,TRADESIM,H1,
GBPUSD,2019,7,18,22,0,1.25476,1.25516,1.25423,1.25509,3776.8501,TRADESIM,H1,
GBPUSD,2019,7,18,23,0,1.25509,1.25531,1.25445,1.25517,2446.45,TRADESIM,H1,
GBPUSD,2019,7,19,00,0,1.25516,1.25545,1.25459,1.25470,1719.5601,TRADESIM,H1,
GBPUSD,2019,7,19,01,0,1.25470,1.25472,1.25360,1.25373,1954.75,TRADESIM,H1,
GBPUSD,2019,7,19,02,0,1.25373,1.25420,1.25260,1.25296,2792.03,TRADESIM,H1,
GBPUSD,2019,7,19,03,0,1.25297,1.25332,1.25141,1.25197,4680.6602,TRADESIM,H1,
GBPUSD,2019,7,19,04,0,1.25196,1.25326,1.25191,1.25285,6158.4502,TRADESIM,H1,
GBPUSD,2019,7,19,05,0,1.25284,1.25319,1.25129,1.25137,5296.5898,TRADESIM,H1,
GBPUSD,2019,7,19,06,0,1.25137,1.25270,1.25096,1.25245,6664.79,TRADESIM,H1,
GBPUSD,2019,7,19,07,0,1.25244,1.25450,1.25225,1.25418,5416.6899,TRADESIM,H1,
GBPUSD,2019,7,19,08,0,1.25418,1.25426,1.25278,1.25380,4291.75,TRADESIM,H1,
GBPUSD,2019,7,19,09,0,1.25377,1.25386,1.25095,1.25137,7446.52,TRADESIM,H1,
GBPUSD,2019,7,19,10,0,1.25136,1.25339,1.25058,1.25330,6179.8701,TRADESIM,H1,
GBPUSD,2019,7,19,11,0,1.25330,1.25363,1.24960,1.25016,7430.04,TRADESIM,H1,
GBPUSD,2019,7,19,12,0,1.25015,1.25085,1.24931,1.24977,8081.3701,TRADESIM,H1,
GBPUSD,2019,7,19,13,0,1.24977,1.25101,1.24944,1.25026,5623.0801,TRADESIM,H1,
GBPUSD,2019,7,19,14,0,1.25028,1.25080,1.24994,1.25016,4301.6099,TRADESIM,H1,
GBPUSD,2019,7,19,15,0,1.25016,1.25040,1.24757,1.24989,10615.7598,TRADESIM,H1,
GBPUSD,2019,7,19,16,0,1.24988,1.25011,1.24930,1.25003,4699.6899,TRADESIM,H1,
GBPUSD,2019,7,19,17,0,1.25003,1.25065,1.24958,1.24972,2047.92,TRADESIM,H1,
GBPUSD,2019,7,19,18,0,1.24972,1.24972,1.24972,1.24972,0,TRADESIM,H1,
GBPUSD,2019,7,19,19,0,1.24972,1.24972,1.24972,1.24972,0,TRADESIM,H1,
GBPUSD,2019,7,19,20,0,1.24972,1.24972,1.24972,1.24972,0,TRADESIM,H1,
GBPUSD,2019,7,19,21,0,1.24972,1.24972,1.24972,1.24972,0,TRADESIM,H1,
GBPUSD,2019,7,19,22,0,1.24972,1.24972,1.24972,1.24972,0,TRADESIM,H1,
GBPUSD,2019,7,19,23,0,1.24972,1.24972,1.24972,1.24972,0,TRADESIM,H1,
GBPUSD,2019,7,20,00,0,1.24972,1.24972,1.24972,1.24972,0,TRADESIM,H1,
GBPUSD,2019,7,20,01,0,1.24972,1.24972,1.24972,1.24972,0,TRADESIM,H1,
GBPUSD,2019,7,20,02,0,1.24972,1.24972,1.24972,1.24972,0,TRADESIM,H1,
GBPUSD,2019,7,20,03,0,1.24972,1.24972,1.24972,1.24972,0,TRADESIM,H1,
GBPUSD,2019,7,20,04,0,1.24972,1.24972,1.24972,1.24972,0,TRADESIM,H1,
GBPUSD,2019,7,20,05,0,1.24972,1.24972,1.24972,1.24972,0,TRADESIM,H1,
GBPUSD,2019,7,20,06,0,1.24972,1.24972,1.24972,1.24972,0,TRADESIM,H1,
GBPUSD,2019,7,20,07,0,1.24972,1.24972,1.24972,1.24972,0,TRADESIM,H1,
GBPUSD,2019,7,20,08,0,1.24972,1.24972,1.24972,1.24972,0,TRADESIM,H1,
GBPUSD,2019,7,20,09,0,1.24972,1.24972,1.24972,1.24972,0,TRADESIM,H1,
GBPUSD,2019,7,20,10,0,1.24972,1.24972,1.24972,1.24972,0,TRADESIM,H1,
GBPUSD,2019,7,20,11,0,1.24972,1.24972,1.24972,1.24972,0,TRADESIM,H1,
GBPUSD,2019,7,20,12,0,1.24972,1.24972,1.24972,1.24972,0,TRADESIM,H1,
GBPUSD,2019,7,20,13,0,1.24972,1.24972,1.24972,1.24972,0,TRADESIM,H1,
GBPUSD,2019,7,20,14,0,1.24972,1.24972,1.24972,1.24972,0,TRADESIM,H1,
GBPUSD,2019,7,20,15,0,1.24972,1.24972,1.24972,1.24972,0,TRADESIM,H1,
GBPUSD,2019,7,20,16,0,1.24972,1.24972,1.24972,1.24972,0,TRADESIM,H1,
GBPUSD,2019,7,20,17,0,1.24972,1.24972,1.24972,1.24972,0,TRADESIM,H1,
GBPUSD,2019,7,20,18,0,1.24972,1.24972,1.24972,1.24972,0,TRADESIM,H1,
GBPUSD,2019,7,20,19,0,1.24972,1.24972,1.24972,1.24972,0,TRADESIM,H1,
GBPUSD,2019,7,20,20,0,1.24972,1.24972,1.24972,1.24972,0,TRADESIM,H1,
GBPUSD,2019,7,20,21,0,1.24972,1.24972,1.24972,1.24972,0,TRADESIM,H1,
GBPUSD,2019,7,20,22,0,1.24972,1.24972,1.24972,1.24972,0,TRADESIM,H1,
GBPUSD,2019,7,20,23,0,1.24972,1.24972,1.24972,1.24972,0,TRADESIM,H1,
GBPUSD,2019,7,21,00,0,1.24972,1.24972,1.24972,1.24972,0,TRADESIM,H1,
GBPUSD,2019,7,21,01,0,1.24972,1.24972,1.24972,1.24972,0,TRADESIM,H1,
GBPUSD,2019,7,21,02,0,1.24972,1.24972,1.24972,1.24972,0,TRADESIM,H1,
GBPUSD,2019,7,21,03,0,1.24972,1.24972,1.24972,1.24972,0,TRADESIM,H1,
GBPUSD,2019,7,21,04,0,1.24972,1.24972,1.24972,1.24972,0,TRADESIM,H1,
GBPUSD,2019,7,21,05,0,1.24972,1.24972,1.24972,1.24972,0,TRADESIM,H1,
GBPUSD,2019,7,21,06,0,1.24972,1.24972,1.24972,1.24972,0,TRADESIM,H1,
GBPUSD,2019,7,21,07,0,1.24972,1.24972,1.24972,1.24972,0,TRADESIM,H1,
GBPUSD,2019,7,21,08,0,1.24972,1.24972,1.24972,1.24972,0,TRADESIM,H1,
GBPUSD,2019,7,21,09,0,1.24972,1.24972,1.24972,1.24972,0,TRADESIM,H1,
GBPUSD,2019,7,21,10,0,1.24972,1.24972,1.24972,1.24972,0,TRADESIM,H1,
GBPUSD,2019,7,21,11,0,1.24972,1.24972,1.24972,1.24972,0,TRADESIM,H1,
GBPUSD,2019,7,21,12,0,1.24972,1.24972,1.24972,1.24972,0,TRADESIM,H1,
GBPUSD,2019,7,21,13,0,1.24972,1.24972,1.24972,1.24972,0,TRADESIM,H1,
GBPUSD,2019,7,21,14,0,1.24972,1.24972,1.24972,1.24972,0,TRADESIM,H1,
GBPUSD,2019,7,21,15,0,1.24972,1.24972,1.24972,1.24972,0,TRADESIM,H1,
GBPUSD,2019,7,21,16,0,1.24972,1.24972,1.24972,1.24972,0,TRADESIM,H1,
GBPUSD,2019,7,21,17,0,1.24972,1.24972,1.24972,1.24972,0,TRADESIM,H1,
GBPUSD,2019,7,21,18,0,1.24746,1.25193,1.24746,1.25075,4716.4902,TRADESIM,H1,
GBPUSD,2019,7,21,19,0,1.25075,1.25094,1.25037,1.25056,942.49,TRADESIM,H1,
GBPUSD,2019,7,21,20,0,1.25055,1.25135,1.25030,1.25111,2112.75,TRADESIM,H1,
GBPUSD,2019,7,21,21,0,1.25110,1.25130,1.25016,1.25025,3719.8701,TRADESIM,H1,
GBPUSD,2019,7,21,22,0,1.25025,1.25057,1.24994,1.25044,4337.0698,TRADESIM,H1,
GBPUSD,2019,7,21,23,0,1.25044,1.25065,1.25028,1.25056,2305.3601,TRADESIM,H1,
GBPUSD,2019,7,22,00,0,1.25055,1.25084,1.25016,1.25048,2278.97,TRADESIM,H1,
GBPUSD,2019,7,22,01,0,1.25048,1.25055,1.24997,1.25027,2924.1201,TRADESIM,H1,
GBPUSD,2019,7,22,02,0,1.25027,1.25072,1.24999,1.25034,2598.8899,TRADESIM,H1,
GBPUSD,2019,7,22,03,0,1.25034,1.25103,1.24927,1.25098,3357.8501,TRADESIM,H1,
GBPUSD,2019,7,22,04,0,1.25098,1.25111,1.24753,1.24799,7115.48,TRADESIM,H1,
GBPUSD,2019,7,22,05,0,1.24799,1.24911,1.24636,1.24645,7144.6099,TRADESIM,H1,
GBPUSD,2019,7,22,06,0,1.24645,1.24717,1.24617,1.24668,5560.4399,TRADESIM,H1,
GBPUSD,2019,7,22,07,0,1.24668,1.24738,1.24649,1.24686,5033.7998,TRADESIM,H1,
GBPUSD,2019,7,22,08,0,1.24684,1.24699,1.24555,1.24573,5472.2598,TRADESIM,H1,
GBPUSD,2019,7,22,09,0,1.24573,1.24773,1.24551,1.24709,7272.3901,TRADESIM,H1,
GBPUSD,2019,7,22,10,0,1.24708,1.24901,1.24691,1.24856,6987.8101,TRADESIM,H1,
GBPUSD,2019,7,22,11,0,1.24859,1.24978,1.24710,1.24976,9121.3496,TRADESIM,H1,
GBPUSD,2019,7,22,12,0,1.24974,1.24990,1.24723,1.24733,5789.7798,TRADESIM,H1,
GBPUSD,2019,7,22,13,0,1.24733,1.24818,1.24685,1.24808,3501.8101,TRADESIM,H1,
GBPUSD,2019,7,22,14,0,1.24807,1.24890,1.24794,1.24852,2502.8301,TRADESIM,H1,
GBPUSD,2019,7,22,15,0,1.24854,1.24854,1.24752,1.24822,2420,TRADESIM,H1,
GBPUSD,2019,7,22,16,0,1.24819,1.24821,1.24723,1.24785,3147.26,TRADESIM,H1,
GBPUSD,2019,7,22,17,0,1.24783,1.24785,1.24741,1.24741,2071.04,TRADESIM,H1,
GBPUSD,2019,7,22,18,0,1.24741,1.24785,1.24652,1.24765,1581.62,TRADESIM,H1,
GBPUSD,2019,7,22,19,0,1.24762,1.24787,1.24752,1.24759,1780.78,TRADESIM,H1,
GBPUSD,2019,7,22,20,0,1.24757,1.24782,1.24713,1.24717,1248.8101,TRADESIM,H1,
GBPUSD,2019,7,22,21,0,1.24720,1.24773,1.24690,1.24717,4400.9302,TRADESIM,H1,
GBPUSD,2019,7,22,22,0,1.24719,1.24720,1.24624,1.24668,4854.23,TRADESIM,H1,
GBPUSD,2019,7,22,23,0,1.24668,1.24691,1.24596,1.24620,2965.6499,TRADESIM,H1,
GBPUSD,2019,7,23,00,0,1.24619,1.24635,1.24556,1.24600,3304.0901,TRADESIM,H1,
GBPUSD,2019,7,23,01,0,1.24603,1.24603,1.24544,1.24575,3493.26,TRADESIM,H1,
GBPUSD,2019,7,23,02,0,1.24575,1.24578,1.24500,1.24530,2700.47,TRADESIM,H1,
GBPUSD,2019,7,23,03,0,1.24531,1.24608,1.24500,1.24542,3409.76,TRADESIM,H1,
GBPUSD,2019,7,23,04,0,1.24546,1.24564,1.24338,1.24409,7925.2998,TRADESIM,H1,
GBPUSD,2019,7,23,05,0,1.24407,1.24414,1.24174,1.24282,7361.4502,TRADESIM,H1,
GBPUSD,2019,7,23,06,0,1.24282,1.24485,1.24248,1.24391,6127.6401,TRADESIM,H1,
GBPUSD,2019,7,23,07,0,1.24391,1.24606,1.24361,1.24597,5994.1499,TRADESIM,H1,
GBPUSD,2019,7,23,08,0,1.24598,1.24815,1.24559,1.24577,9909.9902,TRADESIM,H1,
GBPUSD,2019,7,23,09,0,1.24577,1.24587,1.24352,1.24465,10843,TRADESIM,H1,
GBPUSD,2019,7,23,10,0,1.24464,1.24539,1.24308,1.24454,8665.5098,TRADESIM,H1,
GBPUSD,2019,7,23,11,0,1.24454,1.24605,1.24312,1.24369,9534.6104,TRADESIM,H1,
GBPUSD,2019,7,23,12,0,1.24368,1.24508,1.24338,1.24478,6491.8901,TRADESIM,H1,
GBPUSD,2019,7,23,13,0,1.24477,1.24504,1.24328,1.24387,4736.2598,TRADESIM,H1,
GBPUSD,2019,7,23,14,0,1.24387,1.24565,1.24375,1.24487,4497.6899,TRADESIM,H1,
GBPUSD,2019,7,23,15,0,1.24487,1.24531,1.24407,1.24416,5114.1201,TRADESIM,H1,
GBPUSD,2019,7,23,16,0,1.24415,1.24418,1.24336,1.24375,3746.6899,TRADESIM,H1,
GBPUSD,2019,7,23,17,0,1.24374,1.24401,1.24340,1.24381,2279.03,TRADESIM,H1,
GBPUSD,2019,7,23,18,0,1.24378,1.24414,1.24321,1.24371,2302.8401,TRADESIM,H1,
GBPUSD,2019,7,23,19,0,1.24375,1.24397,1.24346,1.24378,1170.99,TRADESIM,H1,
GBPUSD,2019,7,23,20,0,1.24380,1.24380,1.24328,1.24370,1792.26,TRADESIM,H1,
GBPUSD,2019,7,23,21,0,1.24368,1.24427,1.24325,1.24395,3912.6799,TRADESIM,H1,
GBPUSD,2019,7,23,22,0,1.24398,1.24406,1.24280,1.24320,4306.3999,TRADESIM,H1,
GBPUSD,2019,7,23,23,0,1.24319,1.24336,1.24301,1.24323,2002.6801,TRADESIM,H1,
GBPUSD,2019,7,24,00,0,1.24324,1.24336,1.24286,1.24304,2157.24,TRADESIM,H1,
GBPUSD,2019,7,24,01,0,1.24304,1.24359,1.24295,1.24359,1722.0699,TRADESIM,H1,
GBPUSD,2019,7,24,02,0,1.24358,1.24435,1.24310,1.24403,2635.6201,TRADESIM,H1,
GBPUSD,2019,7,24,03,0,1.24400,1.24517,1.24397,1.24447,3899.26,TRADESIM,H1,
GBPUSD,2019,7,24,04,0,1.24447,1.24496,1.24263,1.24445,9814.9697,TRADESIM,H1,
GBPUSD,2019,7,24,05,0,1.24444,1.24651,1.24433,1.24647,8865.2402,TRADESIM,H1,
GBPUSD,2019,7,24,06,0,1.24646,1.24865,1.24595,1.24726,9189.4502,TRADESIM,H1,
GBPUSD,2019,7,24,07,0,1.24734,1.25220,1.24708,1.25198,9469.6104,TRADESIM,H1,
GBPUSD,2019,7,24,08,0,1.25199,1.25201,1.24958,1.24962,8141.4199,TRADESIM,H1,
GBPUSD,2019,7,24,09,0,1.24963,1.25001,1.24819,1.24845,9365.1797,TRADESIM,H1,
GBPUSD,2019,7,24,10,0,1.24843,1.24914,1.24818,1.24834,7059.5698,TRADESIM,H1,
GBPUSD,2019,7,24,11,0,1.24834,1.25064,1.24833,1.24983,9890.2803,TRADESIM,H1,
GBPUSD,2019,7,24,12,0,1.24982,1.25022,1.24856,1.24962,7370.0298,TRADESIM,H1,
GBPUSD,2019,7,24,13,0,1.24962,1.25018,1.24928,1.24991,4594.6001,TRADESIM,H1,
GBPUSD,2019,7,24,14,0,1.24992,1.25025,1.24886,1.24897,5127.2598,TRADESIM,H1,
GBPUSD,2019,7,24,15,0,1.24897,1.24898,1.24747,1.24788,3759.3501,TRADESIM,H1,
GBPUSD,2019,7,24,16,0,1.24788,1.24840,1.24776,1.24838,2772.1499,TRADESIM,H1,
GBPUSD,2019,7,24,17,0,1.24838,1.24842,1.24764,1.24842,2013.9301,TRADESIM,H1,
GBPUSD,2019,7,24,18,0,1.24830,1.24851,1.24806,1.24827,744.78,TRADESIM,H1,
GBPUSD,2019,7,24,19,0,1.24827,1.24843,1.24807,1.24838,1227.12,TRADESIM,H1,
GBPUSD,2019,7,24,20,0,1.24839,1.24855,1.24797,1.24848,2006.97,TRADESIM,H1,
GBPUSD,2019,7,24,21,0,1.24847,1.24858,1.24789,1.24836,2885.1499,TRADESIM,H1,
GBPUSD,2019,7,24,22,0,1.24837,1.24866,1.24793,1.24828,3970.3501,TRADESIM,H1,
GBPUSD,2019,7,24,23,0,1.24828,1.24838,1.24785,1.24797,2532.4199,TRADESIM,H1,
GBPUSD,2019,7,25,00,0,1.24797,1.24799,1.24723,1.24732,4500.5601,TRADESIM,H1,
GBPUSD,2019,7,25,01,0,1.24731,1.24750,1.24715,1.24737,2720.3601,TRADESIM,H1,
GBPUSD,2019,7,25,02,0,1.24737,1.24843,1.24737,1.24769,3560.5601,TRADESIM,H1,
GBPUSD,2019,7,25,03,0,1.24768,1.24805,1.24642,1.24776,4489.8901,TRADESIM,H1,
GBPUSD,2019,7,25,04,0,1.24776,1.24922,1.24697,1.24789,8210.9297,TRADESIM,H1,
GBPUSD,2019,7,25,05,0,1.24788,1.24802,1.24700,1.24700,6901.73,TRADESIM,H1,
GBPUSD,2019,7,25,06,0,1.24701,1.24800,1.24642,1.24775,5384.04,TRADESIM,H1,
GBPUSD,2019,7,25,07,0,1.24772,1.24994,1.24750,1.24954,9749.1104,TRADESIM,H1,
GBPUSD,2019,7,25,08,0,1.24954,1.25068,1.24806,1.24851,12050.4502,TRADESIM,H1,
GBPUSD,2019,7,25,09,0,1.24851,1.25085,1.24749,1.25036,21375.4395,TRADESIM,H1,
GBPUSD,2019,7,25,10,0,1.25036,1.25174,1.24834,1.24967,24205.6895,TRADESIM,H1,
GBPUSD,2019,7,25,11,0,1.24969,1.25021,1.24716,1.24936,13889.8604,TRADESIM,H1,
GBPUSD,2019,7,25,12,0,1.24936,1.24958,1.24701,1.24702,9359.21,TRADESIM,H1,
GBPUSD,2019,7,25,13,0,1.24702,1.24718,1.24413,1.24435,9724.0498,TRADESIM,H1,
GBPUSD,2019,7,25,14,0,1.24434,1.24561,1.24365,1.24559,8017.6499,TRADESIM,H1,
GBPUSD,2019,7,25,15,0,1.24560,1.24597,1.24504,1.24516,4656.3599,TRADESIM,H1,
GBPUSD,2019,7,25,16,0,1.24515,1.24557,1.24454,1.24504,3166.5801,TRADESIM,H1,
GBPUSD,2019,7,25,17,0,1.24505,1.24544,1.24497,1.24505,1379.8,TRADESIM,H1,
GBPUSD,2019,7,25,18,0,1.24494,1.24564,1.24444,1.24525,2736.99,TRADESIM,H1,
GBPUSD,2019,7,25,19,0,1.24525,1.24545,1.24512,1.24537,1774.96,TRADESIM,H1,
GBPUSD,2019,7,25,20,0,1.24538,1.24543,1.24504,1.24525,1132.08,TRADESIM,H1,
GBPUSD,2019,7,25,21,0,1.24524,1.24591,1.24498,1.24531,4302.0498,TRADESIM,H1,
GBPUSD,2019,7,25,22,0,1.24531,1.24562,1.24495,1.24511,3141.6499,TRADESIM,H1,
GBPUSD,2019,7,25,23,0,1.24518,1.24544,1.24482,1.24482,2294.97,TRADESIM,H1,
GBPUSD,2019,7,26,00,0,1.24482,1.24492,1.24439,1.24461,1704.04,TRADESIM,H1,
GBPUSD,2019,7,26,01,0,1.24460,1.24486,1.24448,1.24471,2223.8899,TRADESIM,H1,
GBPUSD,2019,7,26,02,0,1.24469,1.24477,1.24421,1.24464,2005.77,TRADESIM,H1,
GBPUSD,2019,7,26,03,0,1.24462,1.24462,1.24246,1.24312,5120.6602,TRADESIM,H1,
GBPUSD,2019,7,26,04,0,1.24312,1.24378,1.24257,1.24270,8828.4404,TRADESIM,H1,
GBPUSD,2019,7,26,05,0,1.24270,1.24413,1.24226,1.24397,7176.71,TRADESIM,H1,
GBPUSD,2019,7,26,06,0,1.24396,1.24427,1.24342,1.24371,4800.8701,TRADESIM,H1,
GBPUSD,2019,7,26,07,0,1.24372,1.24455,1.24268,1.24283,7425.1499,TRADESIM,H1,
GBPUSD,2019,7,26,08,0,1.24282,1.24343,1.24212,1.24317,5793.6602,TRADESIM,H1,
GBPUSD,2019,7,26,09,0,1.24319,1.24380,1.24108,1.24172,11415.6396,TRADESIM,H1,
GBPUSD,2019,7,26,10,0,1.24172,1.24298,1.24052,1.24073,10395.4697,TRADESIM,H1,
GBPUSD,2019,7,26,11,0,1.24072,1.24092,1.23850,1.23870,10947.2695,TRADESIM,H1,
GBPUSD,2019,7,26,12,0,1.23871,1.23928,1.23757,1.23865,9364.5,TRADESIM,H1,
GBPUSD,2019,7,26,13,0,1.23863,1.23891,1.23804,1.23822,7078.04,TRADESIM,H1,
GBPUSD,2019,7,26,14,0,1.23821,1.23905,1.23802,1.23853,5018.54,TRADESIM,H1,
GBPUSD,2019,7,26,15,0,1.23853,1.23893,1.23837,1.23840,4133.6401,TRADESIM,H1,
GBPUSD,2019,7,26,16,0,1.23841,1.23880,1.23821,1.23858,4731.9902,TRADESIM,H1,
GBPUSD,2019,7,26,17,0,1.23857,1.23897,1.23785,1.23805,1809.04,TRADESIM,H1,
GBPUSD,2019,7,26,18,0,1.23805,1.23805,1.23805,1.23805,0,TRADESIM,H1,
GBPUSD,2019,7,26,19,0,1.23805,1.23805,1.23805,1.23805,0,TRADESIM,H1,
GBPUSD,2019,7,26,20,0,1.23805,1.23805,1.23805,1.23805,0,TRADESIM,H1,
GBPUSD,2019,7,26,21,0,1.23805,1.23805,1.23805,1.23805,0,TRADESIM,H1,
GBPUSD,2019,7,26,22,0,1.23805,1.23805,1.23805,1.23805,0,TRADESIM,H1,
GBPUSD,2019,7,26,23,0,1.23805,1.23805,1.23805,1.23805,0,TRADESIM,H1,
GBPUSD,2019,7,27,00,0,1.23805,1.23805,1.23805,1.23805,0,TRADESIM,H1,
GBPUSD,2019,7,27,01,0,1.23805,1.23805,1.23805,1.23805,0,TRADESIM,H1,
GBPUSD,2019,7,27,02,0,1.23805,1.23805,1.23805,1.23805,0,TRADESIM,H1,
GBPUSD,2019,7,27,03,0,1.23805,1.23805,1.23805,1.23805,0,TRADESIM,H1,
GBPUSD,2019,7,27,04,0,1.23805,1.23805,1.23805,1.23805,0,TRADESIM,H1,
GBPUSD,2019,7,27,05,0,1.23805,1.23805,1.23805,1.23805,0,TRADESIM,H1,
GBPUSD,2019,7,27,06,0,1.23805,1.23805,1.23805,1.23805,0,TRADESIM,H1,
GBPUSD,2019,7,27,07,0,1.23805,1.23805,1.23805,1.23805,0,TRADESIM,H1,
GBPUSD,2019,7,27,08,0,1.23805,1.23805,1.23805,1.23805,0,TRADESIM,H1,
GBPUSD,2019,7,27,09,0,1.23805,1.23805,1.23805,1.23805,0,TRADESIM,H1,
GBPUSD,2019,7,27,10,0,1.23805,1.23805,1.23805,1.23805,0,TRADESIM,H1,
GBPUSD,2019,7,27,11,0,1.23805,1.23805,1.23805,1.23805,0,TRADESIM,H1,
GBPUSD,2019,7,27,12,0,1.23805,1.23805,1.23805,1.23805,0,TRADESIM,H1,
GBPUSD,2019,7,27,13,0,1.23805,1.23805,1.23805,1.23805,0,TRADESIM,H1,
GBPUSD,2019,7,27,14,0,1.23805,1.23805,1.23805,1.23805,0,TRADESIM,H1,
GBPUSD,2019,7,27,15,0,1.23805,1.23805,1.23805,1.23805,0,TRADESIM,H1,
GBPUSD,2019,7,27,16,0,1.23805,1.23805,1.23805,1.23805,0,TRADESIM,H1,
GBPUSD,2019,7,27,17,0,1.23805,1.23805,1.23805,1.23805,0,TRADESIM,H1,
GBPUSD,2019,7,27,18,0,1.23805,1.23805,1.23805,1.23805,0,TRADESIM,H1,
GBPUSD,2019,7,27,19,0,1.23805,1.23805,1.23805,1.23805,0,TRADESIM,H1,
GBPUSD,2019,7,27,20,0,1.23805,1.23805,1.23805,1.23805,0,TRADESIM,H1,
GBPUSD,2019,7,27,21,0,1.23805,1.23805,1.23805,1.23805,0,TRADESIM,H1,
GBPUSD,2019,7,27,22,0,1.23805,1.23805,1.23805,1.23805,0,TRADESIM,H1,
GBPUSD,2019,7,27,23,0,1.23805,1.23805,1.23805,1.23805,0,TRADESIM,H1,
GBPUSD,2019,7,28,00,0,1.23805,1.23805,1.23805,1.23805,0,TRADESIM,H1,
GBPUSD,2019,7,28,01,0,1.23805,1.23805,1.23805,1.23805,0,TRADESIM,H1,
GBPUSD,2019,7,28,02,0,1.23805,1.23805,1.23805,1.23805,0,TRADESIM,H1,
GBPUSD,2019,7,28,03,0,1.23805,1.23805,1.23805,1.23805,0,TRADESIM,H1,
GBPUSD,2019,7,28,04,0,1.23805,1.23805,1.23805,1.23805,0,TRADESIM,H1,
GBPUSD,2019,7,28,05,0,1.23805,1.23805,1.23805,1.23805,0,TRADESIM,H1,
GBPUSD,2019,7,28,06,0,1.23805,1.23805,1.23805,1.23805,0,TRADESIM,H1,
GBPUSD,2019,7,28,07,0,1.23805,1.23805,1.23805,1.23805,0,TRADESIM,H1,
GBPUSD,2019,7,28,08,0,1.23805,1.23805,1.23805,1.23805,0,TRADESIM,H1,
GBPUSD,2019,7,28,09,0,1.23805,1.23805,1.23805,1.23805,0,TRADESIM,H1,
GBPUSD,2019,7,28,10,0,1.23805,1.23805,1.23805,1.23805,0,TRADESIM,H1,
GBPUSD,2019,7,28,11,0,1.23805,1.23805,1.23805,1.23805,0,TRADESIM,H1,
GBPUSD,2019,7,28,12,0,1.23805,1.23805,1.23805,1.23805,0,TRADESIM,H1,
GBPUSD,2019,7,28,13,0,1.23805,1.23805,1.23805,1.23805,0,TRADESIM,H1,
GBPUSD,2019,7,28,14,0,1.23805,1.23805,1.23805,1.23805,0,TRADESIM,H1,
GBPUSD,2019,7,28,15,0,1.23805,1.23805,1.23805,1.23805,0,TRADESIM,H1,
GBPUSD,2019,7,28,16,0,1.23805,1.23805,1.23805,1.23805,0,TRADESIM,H1,
GBPUSD,2019,7,28,17,0,1.23805,1.23805,1.23805,1.23805,0,TRADESIM,H1,
GBPUSD,2019,7,28,18,0,1.23737,1.23821,1.23737,1.23791,406.44,TRADESIM,H1,
GBPUSD,2019,7,28,19,0,1.23793,1.23828,1.23765,1.23796,883.64,TRADESIM,H1,
GBPUSD,2019,7,28,20,0,1.23796,1.23805,1.23745,1.23746,1242.39,TRADESIM,H1,
GBPUSD,2019,7,28,21,0,1.23749,1.23793,1.23740,1.23783,1966.92,TRADESIM,H1,
GBPUSD,2019,7,28,22,0,1.23783,1.23809,1.23765,1.23782,2109.03,TRADESIM,H1,
GBPUSD,2019,7,28,23,0,1.23783,1.23783,1.23633,1.23695,3192.1499,TRADESIM,H1,
GBPUSD,2019,7,29,00,0,1.23696,1.23708,1.23631,1.23637,2061.8999,TRADESIM,H1,
GBPUSD,2019,7,29,01,0,1.23638,1.23677,1.23615,1.23655,1869.9301,TRADESIM,H1,
GBPUSD,2019,7,29,02,0,1.23655,1.23685,1.23625,1.23648,2028.05,TRADESIM,H1,
GBPUSD,2019,7,29,03,0,1.23648,1.23732,1.23533,1.23578,4957.5498,TRADESIM,H1,
GBPUSD,2019,7,29,04,0,1.23584,1.23614,1.23338,1.23369,7927.1602,TRADESIM,H1,
GBPUSD,2019,7,29,05,0,1.23368,1.23392,1.23205,1.23250,6778.2202,TRADESIM,H1,
GBPUSD,2019,7,29,06,0,1.23250,1.23415,1.23196,1.23344,5294.3799,TRADESIM,H1,
GBPUSD,2019,7,29,07,0,1.23342,1.23424,1.23108,1.23187,7206.5098,TRADESIM,H1,
GBPUSD,2019,7,29,08,0,1.23186,1.23188,1.23006,1.23030,7939.0898,TRADESIM,H1,
GBPUSD,2019,7,29,09,0,1.23028,1.23031,1.22414,1.22446,15217.2305,TRADESIM,H1,
GBPUSD,2019,7,29,10,0,1.22448,1.22704,1.22412,1.22514,14577.6602,TRADESIM,H1,
GBPUSD,2019,7,29,11,0,1.22515,1.22684,1.22182,1.22274,13321.2695,TRADESIM,H1,
GBPUSD,2019,7,29,12,0,1.22274,1.22355,1.22120,1.22346,14422.4902,TRADESIM,H1,
GBPUSD,2019,7,29,13,0,1.22347,1.22352,1.22142,1.22172,6216.6802,TRADESIM,H1,
GBPUSD,2019,7,29,14,0,1.22173,1.22286,1.22162,1.22251,4442.8301,TRADESIM,H1,
GBPUSD,2019,7,29,15,0,1.22251,1.22297,1.22187,1.22226,5867.6499,TRADESIM,H1,
GBPUSD,2019,7,29,16,0,1.22225,1.22303,1.22205,1.22225,5766.8701,TRADESIM,H1,
GBPUSD,2019,7,29,17,0,1.22223,1.22266,1.22157,1.22158,2443.22,TRADESIM,H1,
GBPUSD,2019,7,29,18,0,1.22163,1.22222,1.22133,1.22172,1842.95,TRADESIM,H1,
GBPUSD,2019,7,29,19,0,1.22170,1.22254,1.22155,1.22250,3029.6599,TRADESIM,H1,
GBPUSD,2019,7,29,20,0,1.22249,1.22249,1.22150,1.22161,2590.0801,TRADESIM,H1,
GBPUSD,2019,7,29,21,0,1.22161,1.22212,1.22077,1.22096,3749.9399,TRADESIM,H1,
GBPUSD,2019,7,29,22,0,1.22097,1.22102,1.21623,1.21682,9732.6797,TRADESIM,H1,
GBPUSD,2019,7,29,23,0,1.21682,1.21828,1.21681,1.21717,5547.8799,TRADESIM,H1,
GBPUSD,2019,7,30,00,0,1.21717,1.21794,1.21549,1.21579,4982.8198,TRADESIM,H1,
GBPUSD,2019,7,30,01,0,1.21579,1.21632,1.21185,1.21261,8031.1201,TRADESIM,H1,
GBPUSD,2019,7,30,02,0,1.21261,1.21357,1.21203,1.21300,5291.5698,TRADESIM,H1,
GBPUSD,2019,7,30,03,0,1.21299,1.21587,1.21298,1.21462,9013.7305,TRADESIM,H1,
GBPUSD,2019,7,30,04,0,1.21462,1.21800,1.21390,1.21642,12303.9697,TRADESIM,H1,
GBPUSD,2019,7,30,05,0,1.21642,1.21731,1.21478,1.21706,8931.8096,TRADESIM,H1,
GBPUSD,2019,7,30,06,0,1.21706,1.21896,1.21683,1.21872,9370.8096,TRADESIM,H1,
GBPUSD,2019,7,30,07,0,1.21872,1.21898,1.21656,1.21682,6973.79,TRADESIM,H1,
GBPUSD,2019,7,30,08,0,1.21682,1.21799,1.21527,1.21755,9075.21,TRADESIM,H1,
GBPUSD,2019,7,30,09,0,1.21756,1.21858,1.21656,1.21700,15728.4902,TRADESIM,H1,
GBPUSD,2019,7,30,10,0,1.21698,1.21830,1.21645,1.21767,11045.9404,TRADESIM,H1,
GBPUSD,2019,7,30,11,0,1.21770,1.21770,1.21349,1.21507,13984.9404,TRADESIM,H1,
GBPUSD,2019,7,30,12,0,1.21508,1.21733,1.21466,1.21472,10365.5,TRADESIM,H1,
GBPUSD,2019,7,30,13,0,1.21472,1.21691,1.21471,1.21658,8160.0801,TRADESIM,H1,
GBPUSD,2019,7,30,14,0,1.21656,1.21698,1.21593,1.21669,5278.4902,TRADESIM,H1,
GBPUSD,2019,7,30,15,0,1.21665,1.21753,1.21564,1.21612,5004.2598,TRADESIM,H1,
GBPUSD,2019,7,30,16,0,1.21612,1.21637,1.21522,1.21564,3291.1299,TRADESIM,H1,
GBPUSD,2019,7,30,17,0,1.21565,1.21578,1.21476,1.21498,2799.29,TRADESIM,H1,
GBPUSD,2019,7,30,18,0,1.21498,1.21536,1.21461,1.21504,1715.5601,TRADESIM,H1,
GBPUSD,2019,7,30,19,0,1.21508,1.21643,1.21502,1.21609,3489.0901,TRADESIM,H1,
GBPUSD,2019,7,30,20,0,1.21610,1.21689,1.21566,1.21569,2657.3601,TRADESIM,H1,
GBPUSD,2019,7,30,21,0,1.21571,1.21606,1.21501,1.21519,4191.7798,TRADESIM,H1,
GBPUSD,2019,7,30,22,0,1.21519,1.21599,1.21457,1.21542,5628.52,TRADESIM,H1,
GBPUSD,2019,7,30,23,0,1.21542,1.21560,1.21481,1.21529,6913.1602,TRADESIM,H1,
GBPUSD,2019,7,31,00,0,1.21529,1.21548,1.21510,1.21522,4102.8198,TRADESIM,H1,
GBPUSD,2019,7,31,01,0,1.21521,1.21596,1.21514,1.21580,3526.3301,TRADESIM,H1,
GBPUSD,2019,7,31,02,0,1.21579,1.21652,1.21576,1.21608,5763.46,TRADESIM,H1,
GBPUSD,2019,7,31,03,0,1.21608,1.21650,1.21553,1.21591,8805.2803,TRADESIM,H1,
GBPUSD,2019,7,31,04,0,1.21591,1.21762,1.21541,1.21644,7861.6802,TRADESIM,H1,
GBPUSD,2019,7,31,05,0,1.21643,1.21680,1.21490,1.21578,7623.75,TRADESIM,H1,
GBPUSD,2019,7,31,06,0,1.21580,1.21703,1.21579,1.21683,5890.1602,TRADESIM,H1,
GBPUSD,2019,7,31,07,0,1.21683,1.21739,1.21645,1.21652,5670.5298,TRADESIM,H1,
GBPUSD,2019,7,31,08,0,1.21652,1.21783,1.21561,1.21748,6130.54,TRADESIM,H1,
GBPUSD,2019,7,31,09,0,1.21748,1.21879,1.21663,1.21868,9590.2402,TRADESIM,H1,
GBPUSD,2019,7,31,10,0,1.21869,1.22325,1.21825,1.22272,14055.4404,TRADESIM,H1,
GBPUSD,2019,7,31,11,0,1.22272,1.22455,1.22017,1.22449,19539.0391,TRADESIM,H1,
GBPUSD,2019,7,31,12,0,1.22450,1.22491,1.22077,1.22190,15951.7598,TRADESIM,H1,
GBPUSD,2019,7,31,13,0,1.22191,1.22192,1.22056,1.22130,10536.6504,TRADESIM,H1,
GBPUSD,2019,7,31,14,0,1.22132,1.22451,1.22121,1.22365,9559.4199,TRADESIM,H1,
GBPUSD,2019,7,31,15,0,1.22366,1.22416,1.21334,1.21615,35966.1211,TRADESIM,H1,
GBPUSD,2019,7,31,16,0,1.21615,1.21855,1.21492,1.21617,24842.7207,TRADESIM,H1,
GBPUSD,2019,7,31,17,0,1.21617,1.21646,1.21468,1.21573,3189.5801,TRADESIM,H1,
GBPUSD,2019,7,31,18,0,1.21513,1.21586,1.21438,1.21515,3126.6201,TRADESIM,H1,
GBPUSD,2019,7,31,19,0,1.21516,1.21611,1.21516,1.21589,1283.59,TRADESIM,H1,
GBPUSD,2019,7,31,20,0,1.21591,1.21610,1.21496,1.21526,3788.8999,TRADESIM,H1,
GBPUSD,2019,7,31,21,0,1.21527,1.21535,1.21011,1.21083,12542.04,TRADESIM,H1,
GBPUSD,2019,7,31,22,0,1.21083,1.21330,1.21061,1.21305,9470.8203,TRADESIM,H1,
GBPUSD,2019,7,31,23,0,1.21306,1.21364,1.21241,1.21281,5625.5601,TRADESIM,H1,